compound_id,score
DEC_4391,-8.778
DEC_1747,-9.67
DEC_2029,-8.225
DEC_3885,-5.625
DEC_1554,-6.744
DEC_0623,-6.514
DEC_0374,-6.992
DEC_1830,-7.213
DEC_1282,-8.285
DEC_3778,-9.478
DEC_2770,-9.584
DEC_0788,-8.034
DEC_3248,0.0
ACT_043,-10.683
DEC_2792,-6.637
DEC_3928,-9.048
DEC_3485,-7.873
DEC_2499,-8.777
DEC_0922,-8.635
DEC_3820,-7.895
DEC_1455,-9.111
DEC_4071,-7.952
DEC_2795,-9.359
DEC_2218,-8.784
DEC_0850,-9.24
DEC_2293,0.0
DEC_4372,-7.151
DEC_0336,-10.741
DEC_3578,-10.587
DEC_2460,-7.719
DEC_0676,-9.336
DEC_3757,-7.771
DEC_3545,-9.504
DEC_3830,-9.037
DEC_4543,-10.661
DEC_2352,0.0
DEC_1007,-9.989
DEC_2813,-10.554
DEC_2085,-8.451
ACT_048,0.0
DEC_2994,-8.365
DEC_4474,41.279
DEC_0319,-9.156
DEC_0920,-8.674
DEC_3713,-10.358
DEC_1178,-7.151
DEC_2682,-41.924
DEC_1657,-8.249
DEC_3589,-10.71
DEC_0126,-7.209
DEC_0318,80.701
DEC_2168,0.0
DEC_1513,-8.702
DEC_2919,0.0
DEC_2737,-6.765
DEC_2786,-7.706
DEC_4176,-10.277
DEC_1499,-9.953
DEC_2482,-9.979
DEC_0169,-8.072
DEC_1323,-7.136
DEC_0651,-8.862
DEC_3705,-7.787
DEC_1601,-5.507
DEC_4494,-5.165
DEC_0864,-9.096
DEC_4715,-6.398
DEC_3488,-8.971
DEC_4454,-8.021
DEC_1151,-7.3
DEC_3220,0.0
DEC_4763,-7.749
DEC_4168,-8.221
DEC_2004,0.0
DEC_1563,-6.796
DEC_1336,-8.512
DEC_0434,-8.353
DEC_4684,-5.665
DEC_0002,-8.019
DEC_2864,-8.078
DEC_1660,-8.097
DEC_1437,-9.328
ACT_041,-9.132
DEC_3561,-9.308
ACT_009,-9.892
DEC_2736,-6.883
DEC_1853,-9.984
DEC_3907,-6.931
DEC_3070,-7.377
DEC_4482,-8.669
DEC_2966,-8.242
DEC_2842,-9.358
DEC_2555,-39.098
DEC_4064,-7.488
DEC_1781,0.0
DEC_3288,-8.367
DEC_1016,-7.404
ACT_079,-9.146
DEC_3495,-7.028
DEC_3886,-6.662
DEC_2197,0.0
DEC_4006,-8.464
DEC_1069,-10.312
DEC_0020,-7.228
DEC_1088,-9.467
DEC_0018,-7.94
DEC_1944,0.0
DEC_0844,-7.498
DEC_0444,-8.051
DEC_2229,-7.402
DEC_1981,0.0
DEC_2870,-8.757
DEC_0643,-9.519
DEC_3612,-7.727
DEC_1425,-10.901
DEC_2558,-10.479
DEC_0815,-8.244
DEC_1394,16.536
DEC_1350,-9.712
DEC_1688,-8.371
DEC_1833,-8.261
DEC_4428,-8.645
DEC_2878,-9.883
DEC_4225,-9.716
DEC_2816,-107.32
DEC_4594,-10.196
DEC_0674,-7.956
DEC_1494,-9.109
DEC_1451,-8.742
DEC_0044,-8.767
DEC_2675,-9.851
DEC_3341,0.0
DEC_0694,-8.699
DEC_0932,-6.621
DEC_0164,-7.416
DEC_1995,0.0
DEC_1098,-8.594
DEC_2056,-8.677
DEC_3107,-8.207
DEC_2797,-7.577
DEC_4673,-7.496
DEC_3135,0.0
DEC_2780,-8.109
DEC_3718,-7.961
DEC_1250,-8.64
DEC_3089,-7.065
DEC_1953,0.0
DEC_0913,-8.793
DEC_0221,-7.523
ACT_045,-9.123
DEC_3702,-8.481
DEC_1997,-8.225
DEC_1488,-10.029
DEC_1099,-9.57
DEC_1614,-7.188
DEC_2122,-10.034
DEC_4497,-9.99
DEC_3409,0.0
DEC_3368,-8.724
DEC_4528,-8.045
DEC_3933,-7.744
DEC_1670,0.0
DEC_1497,-8.505
DEC_4076,-6.789
DEC_0047,-5.854
DEC_2969,0.0
DEC_4649,-8.395
DEC_0331,8.374
DEC_0754,-8.277
DEC_2141,-8.34
DEC_2982,0.0
DEC_1643,0.0
DEC_3984,45.426
DEC_1440,-8.031
DEC_2514,-9.173
DEC_2750,29.772
DEC_1753,0.0
DEC_4394,-8.495
DEC_0005,-8.086
DEC_4655,-9.177
DEC_3403,-7.165
DEC_1586,-8.287
DEC_2248,-6.797
DEC_2416,0.0
DEC_1175,-8.91
DEC_1194,-8.275
DEC_2977,-8.138
DEC_2165,-8.285
DEC_0122,-8.14
DEC_1679,-9.17
DEC_3733,-9.059
DEC_4203,-7.903
DEC_0902,117.713
DEC_2621,-7.942
DEC_3019,0.0
DEC_2970,0.0
DEC_0659,-8.01
DEC_2894,-8.503
DEC_2791,-8.446
DEC_2524,-8.433
DEC_0658,-7.667
DEC_3297,-8.222
DEC_4317,-8.86
DEC_0472,-7.099
DEC_1062,-8.145
DEC_0206,-6.841
DEC_4069,-8.32
DEC_0794,-8.244
DEC_1504,-7.965
DEC_2739,-7.827
DEC_2983,-9.614
DEC_0975,-8.706
DEC_4165,-8.878
DEC_4111,-7.882
DEC_1334,-9.83
DEC_1916,0.0
DEC_1994,-9.116
DEC_0195,-7.363
DEC_1736,0.0
DEC_0755,-8.005
DEC_4375,-7.629
DEC_0725,-9.156
DEC_3537,17.618
DEC_3715,-6.453
DEC_0930,-7.266
DEC_0289,-8.894
DEC_0068,-8.536
DEC_1237,-9.374
DEC_1845,0.0
DEC_4309,-8.037
DEC_2697,-7.72
DEC_4421,-7.882
DEC_0970,-7.458
DEC_3600,-9.865
DEC_1367,-10.063
DEC_0776,-7.889
DEC_3385,0.0
DEC_0758,-8.144
DEC_2822,-59.776
DEC_2388,-7.882
DEC_0909,-8.419
DEC_2576,-10.384
DEC_2872,-8.694
DEC_4265,-7.075
DEC_3967,-6.959
DEC_0617,-6.626
DEC_2222,-7.423
DEC_4493,-7.768
DEC_3223,-7.276
DEC_3408,0.0
DEC_1565,-9.3
DEC_4672,-7.476
DEC_1677,-8.182
DEC_2340,0.0
DEC_0980,-8.335
DEC_3105,0.0
DEC_0184,-9.571
DEC_0197,-7.612
DEC_3981,-8.131
DEC_1259,-8.868
DEC_3732,165.876
DEC_4530,-7.455
DEC_0222,-7.566
DEC_3093,-8.347
DEC_0238,-8.538
DEC_4172,-8.221
DEC_2359,-9.165
DEC_1290,-6.265
DEC_2269,0.0
DEC_1268,-7.32
DEC_4108,55.496
DEC_4667,-9.117
DEC_2852,-9.89
DEC_3987,-53.313
DEC_2824,-8.627
DEC_0194,2.601
DEC_0332,-9.329
DEC_1306,-8.246
DEC_4555,-9.031
DEC_4369,-7.379
DEC_2596,-9.784
DEC_2539,-7.553
DEC_1213,-8.513
DEC_1501,-8.493
DEC_2363,0.0
DEC_0446,-7.931
DEC_4452,-5.077
ACT_008,-8.624
DEC_0328,-4.261
DEC_4619,-9.838
DEC_2114,-9.999
DEC_1276,-7.59
DEC_4155,-7.879
DEC_0097,-10.121
DEC_4019,-8.994
DEC_2140,0.0
DEC_3201,0.0
DEC_0878,-8.096
DEC_3918,-8.361
DEC_2703,-6.606
DEC_4641,-8.557
DEC_3956,-9.27
DEC_1144,-9.173
DEC_4358,-7.574
DEC_0918,87.563
DEC_0627,-8.284
DEC_2641,-8.991
DEC_4028,-8.212
DEC_4007,-44.451
DEC_0302,-7.536
DEC_2636,-8.24
DEC_0452,-5.933
DEC_2519,-8.328
DEC_3112,-7.808
ACT_042,-8.263
DEC_3351,0.0
DEC_2322,0.0
ACT_074,-9.428
DEC_4163,-8.243
DEC_4119,21.202
DEC_1889,0.0
DEC_3132,0.0
DEC_0483,-7.734
DEC_1952,0.0
DEC_2424,0.0
DEC_1589,-9.257
DEC_2175,-8.756
DEC_4274,-7.49
DEC_2598,16.915
DEC_0990,-7.841
ACT_062,-8.052
DEC_0157,-7.241
DEC_1223,-9.275
DEC_4441,-9.202
ACT_037,-10.232
DEC_4398,-7.139
DEC_0198,-9.07
DEC_3117,-9.166
DEC_1295,-7.664
DEC_3786,-8.23
DEC_3419,-8.733
DEC_3280,-8.751
DEC_2946,-9.114
DEC_0350,78.976
DEC_1888,0.0
DEC_0496,-7.04
DEC_1516,-9.492
DEC_3995,-9.924
DEC_3541,-7.504
DEC_4222,-10.675
DEC_1139,-7.324
DEC_1674,-7.724
DEC_0277,-8.792
DEC_1009,-7.884
DEC_3405,0.0
DEC_3686,-8.883
DEC_3494,-7.842
DEC_3111,0.0
DEC_0856,-7.65
DEC_3330,-7.697
ACT_066,-9.128
DEC_2281,-7.85
DEC_3003,0.0
DEC_3074,-6.316
DEC_3880,32.634
DEC_1362,-9.185
DEC_0966,-7.267
DEC_2052,0.0
DEC_3291,0.0
DEC_1095,-9.872
DEC_1761,0.0
DEC_1453,-9.018
DEC_4540,-7.977
DEC_1176,-7.673
DEC_2411,0.0
DEC_0252,-7.321
DEC_4113,-37.82
DEC_3037,0.0
DEC_0272,-8.599
DEC_1559,-7.794
ACT_098,-8.438
DEC_3876,-7.451
DEC_1230,-9.512
DEC_1035,-7.882
ACT_019,-9.009
DEC_2149,-9.825
DEC_1973,0.0
DEC_2299,-8.968
DEC_0661,-8.88
DEC_3402,-8.002
DEC_0520,-8.689
DEC_2440,-9.272
DEC_1799,-8.295
DEC_3020,0.0
DEC_3959,-8.343
ACT_072,-8.292
DEC_0863,-6.594
DEC_0809,-8.827
DEC_2247,-7.377
DEC_1798,0.0
DEC_4701,21.825
DEC_4256,-8.18
DEC_2134,-10.215
DEC_2071,0.0
DEC_0503,-7.095
DEC_2954,0.0
ACT_097,-9.229
DEC_4237,-7.281
DEC_4689,-7.562
DEC_0550,-8.528
DEC_4193,-6.678
DEC_1619,-7.768
DEC_0971,-7.6
DEC_0747,-8.348
DEC_0502,-8.484
DEC_1039,-7.224
DEC_2635,-9.947
DEC_2729,-6.675
DEC_3656,-9.8
DEC_2805,-57.536
DEC_1820,0.0
DEC_3166,-8.153
DEC_1703,0.0
DEC_0803,-9.742
DEC_2667,-7.841
DEC_1400,-8.3
DEC_1774,0.0
DEC_3815,41.15
DEC_3853,-10.66
DEC_3361,-9.742
DEC_0585,-8.153
ACT_053,-10.207
DEC_1927,0.0
DEC_3894,-8.752
DEC_3556,-9.277
DEC_0323,49.865
DEC_0167,-6.64
DEC_2498,-47.68
DEC_0543,-9.471
DEC_4609,-10.183
DEC_3060,-7.918
DEC_1676,0.0
DEC_3613,-7.675
DEC_4682,-5.746
DEC_3203,0.0
DEC_3588,-9.976
DEC_2031,0.0
DEC_2296,-7.764
DEC_0830,-7.935
DEC_0792,-7.992
DEC_0265,-8.62
DEC_2967,0.0
DEC_0601,-6.254
DEC_0212,-5.7
DEC_1375,-10.115
DEC_3375,0.0
DEC_2341,0.0
DEC_1029,-7.752
DEC_3828,-10.673
ACT_089,-9.417
DEC_1160,-8.255
DEC_2712,-5.78
DEC_2574,56.1
DEC_3924,-7.604
DEC_3317,-8.862
DEC_1124,-9.453
DEC_3854,-9.386
DEC_3376,0.0
DEC_1779,0.0
DEC_1769,0.0
DEC_4014,-9.881
DEC_4484,-8.585
DEC_1192,-8.105
DEC_4331,-7.789
DEC_1269,-7.019
DEC_2093,0.0
DEC_3802,-8.028
DEC_1480,-9.47
DEC_2490,-7.391
DEC_1426,-8.999
DEC_2891,-8.976
DEC_1435,-8.695
DEC_0584,-7.094
DEC_2961,0.0
DEC_2258,0.0
DEC_4600,-8.116
DEC_4103,-8.977
DEC_3418,0.0
DEC_4615,-8.773
DEC_1992,-9.295
DEC_0959,-7.124
DEC_1858,0.0
DEC_2673,-8.943
DEC_1913,-10.495
DEC_3873,-8.751
DEC_0612,-6.983
DEC_1481,-8.103
DEC_2065,-9.226
DEC_4337,-8.565
DEC_0201,-7.544
DEC_0787,-7.762
DEC_2317,0.0
DEC_3607,-52.472
DEC_0670,-8.92
DEC_4565,-8.788
DEC_0596,-8.789
DEC_0151,-8.927
DEC_0998,-6.804
DEC_2735,-7.511
ACT_016,-8.733
DEC_4050,-7.423
DEC_0928,-59.5
DEC_1438,-9.159
DEC_2659,-8.35
DEC_4356,-7.323
DEC_4443,-7.641
DEC_4044,-7.244
DEC_3083,-6.873
DEC_4506,-7.137
DEC_3004,0.0
DEC_3161,-7.208
DEC_4745,-7.092
DEC_4431,-8.631
DEC_2943,0.0
DEC_4102,-9.966
DEC_4091,31.754
DEC_4440,-9.165
DEC_1148,-9.682
DEC_4750,-7.924
DEC_0419,-8.157
DEC_2906,-9.018
DEC_1870,-9.375
DEC_0063,-7.854
DEC_2433,0.0
DEC_0761,-8.786
DEC_1932,0.0
DEC_3492,-6.795
DEC_0834,67.211
DEC_2404,0.0
DEC_3084,-7.044
DEC_1576,-7.607
DEC_1543,-8.764
DEC_1537,-10.385
DEC_4202,-9.19
DEC_0459,-6.907
DEC_4360,-7.586
DEC_0354,-6.778
DEC_4362,-7.689
DEC_2734,-6.955
DEC_2691,-10.244
DEC_0942,-7.493
DEC_0404,-8.537
DEC_1296,-7.198
DEC_1549,-9.655
DEC_1908,0.0
DEC_4665,-7.345
DEC_0630,-8.964
DEC_2723,-6.2
DEC_1654,0.0
DEC_0616,-7.998
DEC_0593,-5.514
DEC_4322,-7.143
DEC_0605,-5.249
DEC_0816,-8.243
ACT_040,-7.952
DEC_3963,-8.045
DEC_3742,-9.889
DEC_0313,-11.27
DEC_0494,-6.947
DEC_2913,-9.62
DEC_1726,0.0
DEC_0977,-8.062
DEC_2043,0.0
DEC_3559,-9.774
DEC_1464,-9.039
DEC_1006,-9.471
DEC_0540,-8.541
DEC_3326,-8.182
DEC_2280,-8.989
DEC_0700,-8.173
DEC_3286,0.0
DEC_0009,-7.25
DEC_3120,-7.693
DEC_4759,-7.825
DEC_3232,0.0
DEC_1005,-7.438
DEC_2173,-7.33
DEC_2862,-8.807
DEC_1599,-9.458
DEC_1063,-9.679
DEC_2437,-9.49
DEC_0370,-7.273
DEC_0940,-7.291
DEC_3817,-9.685
DEC_2989,0.0
DEC_4567,-9.424
DEC_3350,-7.757
DEC_1645,-8.701
DEC_2152,-7.353
DEC_2706,-6.922
DEC_1955,0.0
DEC_1628,0.0
DEC_0165,-7.209
DEC_3448,-8.037
DEC_3052,-7.755
DEC_0346,-10.635
DEC_4115,-9.194
DEC_3250,0.0
DEC_0896,-8.667
DEC_2812,-10.984
DEC_0098,-10.266
DEC_3678,-8.947
DEC_4259,-8.677
DEC_2918,-8.963
DEC_1951,0.0
DEC_3228,0.0
DEC_3859,-5.962
DEC_3875,-8.449
DEC_2869,-8.644
DEC_2686,-7.494
DEC_1871,-9.243
DEC_2617,-8.162
DEC_4129,-8.087
ACT_081,-10.015
DEC_3767,-9.947
DEC_1347,-7.965
DEC_1623,0.0
DEC_0737,-7.553
DEC_4347,-7.695
DEC_1388,81.863
DEC_3951,-7.396
DEC_2507,-6.864
DEC_2858,-10.367
DEC_3534,-7.896
DEC_2896,-8.756
DEC_0133,-6.655
DEC_0978,-7.439
DEC_2730,-7.037
DEC_2344,0.0
DEC_1082,-9.937
DEC_3209,0.0
DEC_0576,-7.253
DEC_2319,-6.765
DEC_3518,-9.032
DEC_3597,-8.595
DEC_2100,0.0
DEC_4240,-8.043
DEC_4227,-6.731
DEC_3180,0.0
DEC_2370,0.0
DEC_4352,-7.69
DEC_4658,-8.204
DEC_2920,-9.034
DEC_3379,0.0
DEC_2041,0.0
DEC_4072,-7.622
DEC_0280,-8.547
DEC_0090,-8.434
DEC_2535,-9.41
DEC_1911,-8.586
DEC_0558,-8.028
DEC_2119,0.0
DEC_2897,-9.116
DEC_2546,-9.08
DEC_2649,-38.698
DEC_0308,13.376
DEC_3868,-7.845
DEC_1240,-7.505
DEC_1714,-7.189
DEC_2793,-7.485
DEC_1731,0.0
DEC_1540,-10.625
DEC_0624,-6.812
DEC_3076,0.0
DEC_0958,-8.841
DEC_2530,-7.39
DEC_2275,0.0
DEC_3704,-8.734
DEC_1538,-8.568
DEC_0541,-7.496
DEC_2988,-8.038
DEC_0992,-7.578
DEC_3807,-10.193
DEC_3834,-9.398
DEC_4335,-7.361
DEC_3051,-7.167
DEC_4582,0.126
DEC_2128,0.0
DEC_2538,-6.958
DEC_4651,-9.126
DEC_0486,-7.86
DEC_0303,-8.333
DEC_4725,-7.739
ACT_099,0.0
DEC_0675,-8.924
DEC_2400,0.0
DEC_0189,-8.112
DEC_0577,-8.309
DEC_3869,-8.601
DEC_0454,-7.845
DEC_3934,-7.733
DEC_0320,44.575
DEC_2971,0.0
DEC_4556,-10.357
DEC_2483,-8.893
DEC_2931,-9.56
DEC_3373,-8.515
DEC_3605,-8.711
DEC_3634,-9.307
DEC_0522,-7.861
DEC_3182,-8.31
DEC_1348,-7.974
DEC_3358,0.0
DEC_3627,-9.349
DEC_0395,0.0
DEC_0710,-8.74
DEC_3826,-10.152
DEC_0247,-9.608
DEC_1961,0.0
DEC_3610,-9.441
DEC_0912,38.608
DEC_3344,-8.266
DEC_3075,-6.92
DEC_1608,-7.308
DEC_4606,-8.448
DEC_0633,-8.652
DEC_1045,-8.855
DEC_2143,0.0
DEC_1133,-9.442
DEC_0770,-8.012
DEC_0699,-8.033
DEC_4669,-7.673
DEC_2365,-8.804
DEC_4196,-8.243
DEC_4194,-9.32
DEC_2912,-124.686
DEC_2942,39.983
DEC_0567,-5.248
DEC_2427,0.0
DEC_2915,-9.716
DEC_0727,-8.069
DEC_0285,-7.789
DEC_4106,-8.6
DEC_1320,-9.131
DEC_2205,-7.186
DEC_2393,-9.333
DEC_1354,-8.243
DEC_0071,-8.237
DEC_1038,-9.532
DEC_2391,0.0
DEC_3314,-8.604
ACT_050,-8.392
DEC_2875,-10.002
DEC_1675,0.0
DEC_0011,-7.275
DEC_4699,-7.8
DEC_0259,-9.235
ACT_070,-9.348
DEC_1387,-9.637
DEC_3962,-8.018
DEC_1562,-7.301
DEC_1299,-7.837
DEC_3433,-9.237
DEC_3771,-8.015
DEC_4355,-7.705
DEC_1449,-8.481
DEC_1544,-8.413
DEC_4626,-9.319
DEC_3693,-7.73
DEC_1067,-7.709
DEC_0976,-8.402
DEC_1130,-10.375
DEC_1523,-8.219
DEC_2232,0.0
DEC_0144,-7.7
DEC_4432,-8.234
DEC_1048,-8.452
DEC_1052,-7.902
DEC_0045,-8.402
DEC_0885,-8.788
DEC_3976,-8.891
DEC_3029,0.0
DEC_2755,-7.634
DEC_2580,-9.403
DEC_2577,-10.177
DEC_3085,0.0
DEC_1056,-8.151
DEC_2600,-8.886
DEC_4184,-8.459
DEC_0775,-4.012
DEC_3846,-10.004
DEC_1022,-9.97
DEC_2007,-7.316
DEC_4257,-7.719
DEC_1270,-9.003
DEC_2763,-69.248
DEC_3798,-9.239
DEC_3459,-6.378
DEC_2441,-9.655
DEC_0606,-5.321
DEC_3237,-9.223
DEC_2666,-9.951
DEC_3000,0.0
DEC_3565,-8.866
DEC_3390,-8.655
DEC_3723,-8.887
DEC_0129,-7.879
DEC_0266,-8.514
DEC_0706,-8.168
DEC_4253,-8.341
DEC_1101,-9.976
DEC_3446,0.0
DEC_1760,-8.683
DEC_4465,-9.251
DEC_3748,-8.803
DEC_1754,0.0
DEC_4279,-8.647
DEC_2208,-7.987
DEC_0801,-7.665
DEC_1380,-79.284
DEC_1489,-8.465
DEC_2396,-8.536
DEC_0040,-7.349
DEC_3380,-7.917
DEC_0210,-8.673
DEC_4126,-9.216
DEC_4162,-9.537
DEC_3581,-9.008
DEC_2285,0.0
DEC_4142,-8.376
DEC_0739,-6.869
DEC_1490,-9.28
DEC_3573,-8.948
DEC_3319,0.0
DEC_4065,-7.539
DEC_1577,-8.876
DEC_1551,20.722
DEC_0773,-8.982
DEC_0622,-8.23
DEC_4114,19.484
DEC_1627,-7.896
DEC_1023,-9.692
DEC_2916,-9.194
DEC_0232,-9.796
DEC_4376,-9.162
DEC_4696,-6.889
DEC_3163,-10.893
DEC_0249,-7.176
DEC_0034,-9.605
DEC_4742,-8.332
DEC_0107,-8.036
DEC_0869,-9.057
DEC_4158,-9.09
ACT_001,-8.192
DEC_0390,-5.778
DEC_4424,-6.794
ACT_021,-9.017
DEC_0797,-8.302
DEC_1734,-7.883
DEC_3546,-7.473
DEC_4671,-9.843
ACT_093,-9.286
DEC_3682,-9.002
DEC_4706,-6.284
DEC_2756,-7.42
DEC_2947,0.0
DEC_1050,-9.363
DEC_3283,0.0
DEC_4764,-7.412
DEC_2415,-9.27
DEC_4686,-46.417
DEC_3566,-8.207
DEC_2887,-8.063
DEC_2495,-9.612
DEC_3242,0.0
DEC_3133,-8.78
DEC_3961,-7.997
DEC_1471,-9.427
DEC_3512,-7.354
DEC_3888,-8.509
DEC_4094,-9.047
DEC_3985,-8.78
DEC_2108,0.0
DEC_3560,-10.177
DEC_2030,0.0
DEC_4643,-7.167
DEC_3045,-8.889
DEC_0081,-7.292
DEC_1200,-8.256
DEC_3181,0.0
DEC_1003,22.889
DEC_1683,-9.064
DEC_3377,-6.576
DEC_1310,-7.752
DEC_2973,-8.163
DEC_0490,-6.521
DEC_2479,86.331
DEC_2744,-6.12
DEC_3040,0.0
DEC_1024,-8.315
DEC_1668,-8.848
DEC_4087,-8.828
DEC_3348,0.0
DEC_2019,0.0
DEC_4717,-7.637
DEC_0573,-7.517
DEC_3032,-8.51
DEC_3532,-8.324
DEC_0064,-8.163
DEC_0139,-7.204
DEC_1403,-22.387
DEC_2350,0.0
DEC_3598,-9.047
DEC_2423,0.0
DEC_0384,-6.587
DEC_4151,-62.35
DEC_1509,-8.624
DEC_2195,-6.852
DEC_3153,-9.582
DEC_1914,-10.836
DEC_0818,-6.345
DEC_0884,-8.495
DEC_3624,-8.263
DEC_4449,-8.515
DEC_3997,-10.193
DEC_1972,-9.402
DEC_0085,-10.602
DEC_4387,-7.584
DEC_3608,-8.985
DEC_4198,-9.382
DEC_0415,-8.108
DEC_2986,0.0
DEC_0253,-9.159
DEC_2923,0.0
DEC_4692,-6.259
DEC_1579,-7.229
DEC_3892,-7.62
DEC_4685,-6.226
DEC_0631,-7.424
DEC_2133,0.0
DEC_4501,-8.142
DEC_4220,-9.919
DEC_0714,-9.572
DEC_4550,-9.607
DEC_3966,-6.933
DEC_4350,-8.624
DEC_4487,-8.567
DEC_4008,-9.023
DEC_2282,-7.897
DEC_2078,-9.147
DEC_3949,-8.226
DEC_4779,-8.841
DEC_1366,-9.403
DEC_1215,-8.717
DEC_0293,-8.206
DEC_1882,0.0
DEC_0997,-7.572
DEC_3266,0.0
DEC_3779,-9.686
DEC_1970,-8.289
DEC_1272,-8.949
DEC_1498,-7.387
DEC_2886,-8.595
DEC_4486,-10.02
DEC_2701,-7.032
DEC_0152,-9.378
DEC_4747,-7.704
DEC_1184,-8.278
DEC_4185,-9.344
ACT_036,-9.447
DEC_4201,-9.479
DEC_3799,0.0
DEC_0357,-7.025
DEC_4620,-8.663
DEC_1631,-7.051
DEC_1648,0.0
DEC_0831,-6.436
DEC_3272,-9.328
DEC_0263,-7.755
DEC_1885,-8.814
DEC_1609,-6.368
DEC_0600,-5.863
DEC_0292,-8.025
ACT_031,-9.95
DEC_3018,-8.425
DEC_3426,-35.075
DEC_0642,-7.462
DEC_2981,0.0
DEC_3281,0.0
DEC_0488,-7.944
DEC_3616,-8.297
DEC_2660,-9.129
ACT_052,-8.921
DEC_0373,-6.911
DEC_3660,-9.375
ACT_044,-7.641
DEC_3239,-190.065
DEC_3688,-8.274
DEC_1812,0.0
DEC_2435,-9.359
DEC_4047,-8.269
DEC_0989,-7.546
DEC_4726,-5.669
DEC_2105,0.0
DEC_4081,-9.33
DEC_1584,-6.79
DEC_2429,0.0
DEC_2297,-8.373
DEC_0103,-7.881
DEC_2410,0.0
ACT_023,-7.971
DEC_3154,-8.852
DEC_0962,-8.321
DEC_0840,-7.521
DEC_2631,-8.975
DEC_4480,-8.992
DEC_3328,-8.771
ACT_087,-10.443
DEC_4263,-8.73
DEC_0861,-7.558
DEC_3872,-7.797
DEC_1533,-8.873
DEC_3217,0.0
DEC_4328,-6.791
DEC_4579,-7.36
DEC_4354,-8.621
DEC_2835,-11.567
DEC_0027,-10.23
DEC_1203,-8.34
DEC_3470,-7.825
DEC_1191,-8.069
DEC_3505,-5.469
DEC_3800,-8.808
DEC_4389,-8.106
DEC_2328,-7.299
DEC_4181,-9.399
DEC_4720,-6.796
DEC_2727,-5.65
DEC_0257,-8.345
DEC_3930,-8.187
DEC_1900,0.0
DEC_4073,-8.759
DEC_2801,-48.88
DEC_2016,0.0
DEC_2464,-48.143
DEC_1512,-9.158
DEC_3245,0.0
DEC_4762,-7.497
DEC_2457,-11.25
ACT_083,-9.481
DEC_1709,-7.926
DEC_1074,-8.173
DEC_2193,0.0
DEC_2740,-6.577
DEC_4695,-7.521
DEC_3999,-8.606
DEC_1778,0.0
DEC_4450,-10.856
DEC_0326,115.865
DEC_1298,-6.732
DEC_1962,0.0
DEC_2005,-7.198
DEC_4520,-9.5
DEC_3439,-8.751
DEC_1814,0.0
DEC_3191,-8.891
DEC_4141,-8.049
DEC_4513,-8.506
DEC_3925,-8.067
DEC_1691,-9.225
DEC_0316,53.265
DEC_4124,-8.97
DEC_0379,-5.577
DEC_4504,-7.74
DEC_3313,-7.534
DEC_0552,-8.367
DEC_3978,-8.814
DEC_3898,-9.411
DEC_3298,0.0
DEC_0435,-8.589
DEC_3583,-10.894
DEC_2211,0.0
DEC_1284,-9.455
DEC_4638,-7.966
DEC_4656,-9.184
DEC_2264,0.0
DEC_0708,-9.097
DEC_0174,-8.403
DEC_2506,-8.678
DEC_3465,-7.887
DEC_4512,-8.466
DEC_2254,-7.557
DEC_3654,-7.249
DEC_0746,-8.793
DEC_0965,-7.985
DEC_1518,-7.752
DEC_2156,-7.787
DEC_3863,-6.329
DEC_2796,-7.828
DEC_1322,-7.651
DEC_0023,-5.802
DEC_1413,-9.177
DEC_0760,-6.258
DEC_0388,-8.25
DEC_3764,-9.376
DEC_1179,-8.722
DEC_0113,-7.729
DEC_0530,0.0
DEC_1671,0.0
DEC_1245,-9.157
DEC_1091,-8.113
DEC_1236,-9.417
DEC_3911,-8.263
DEC_1010,-9.663
DEC_3516,-7.854
DEC_3292,0.0
DEC_4774,-8.998
DEC_1708,-7.501
DEC_1566,-7.494
DEC_2640,-7.252
DEC_2930,0.0
DEC_1713,0.0
DEC_0911,-7.913
DEC_0655,-8.958
DEC_0851,-9.594
DEC_3346,0.0
DEC_4174,-9.792
DEC_3339,-7.921
DEC_4077,-6.94
DEC_1308,-6.763
DEC_1235,-8.779
DEC_3338,-7.085
DEC_1057,-48.319
DEC_4425,-7.159
DEC_1305,-7.248
DEC_0537,-6.869
DEC_0479,-6.879
DEC_0853,-7.541
DEC_2707,-8.782
DEC_0722,-8.283
DEC_3969,-7.972
DEC_1526,-9.478
DEC_0358,-7.194
DEC_2892,-8.128
DEC_4675,-10.045
DEC_0929,-8.693
DEC_1107,-9.596
DEC_2382,-9.034
DEC_3738,-7.723
DEC_1881,0.0
DEC_4751,-7.493
DEC_0753,-9.114
DEC_2066,-9.76
DEC_2231,0.0
DEC_4552,-7.699
DEC_0759,-8.426
DEC_2480,-112.725
ACT_073,-9.209
DEC_2277,0.0
DEC_2695,-8.254
DEC_4137,-9.53
DEC_2584,-9.033
DEC_2908,-9.03
DEC_1848,0.0
DEC_1115,-8.498
DEC_1569,-8.762
DEC_1598,-8.293
DEC_1414,-6.368
DEC_3938,-7.878
DEC_4285,-9.119
DEC_4383,-7.693
DEC_3352,-8.307
DEC_0423,-8.22
DEC_3125,-9.12
DEC_3048,-9.358
DEC_1097,-9.646
DEC_4585,-7.111
DEC_2956,0.0
DEC_0014,-7.679
DEC_4591,-7.616
DEC_1392,-44.271
DEC_3028,0.0
DEC_4015,-9.095
DEC_3480,-7.752
DEC_2834,-11.351
DEC_2015,-8.224
DEC_0031,-10.172
DEC_2648,-7.92
DEC_0458,-6.946
DEC_3500,-8.834
DEC_0587,-9.445
DEC_1817,0.0
DEC_2375,-7.726
DEC_3378,-7.95
DEC_1331,-7.197
DEC_3369,0.0
DEC_4663,-7.813
DEC_0431,-6.763
DEC_0960,-7.735
DEC_2013,-9.188
DEC_3098,0.0
DEC_3797,-8.702
DEC_2188,-7.386
ACT_024,-8.301
DEC_3447,0.0
DEC_1751,0.0
DEC_4768,-8.449
DEC_2634,-8.036
DEC_3285,-8.025
DEC_0013,-7.437
DEC_0829,72.167
DEC_1558,-6.744
DEC_2090,-9.912
DEC_0077,-7.557
DEC_3301,0.0
DEC_3257,0.0
DEC_3751,-10.303
DEC_2192,0.0
DEC_2130,0.0
DEC_0036,-8.813
DEC_2758,-7.254
DEC_0701,-7.862
DEC_0570,-8.962
DEC_4418,-7.29
DEC_3152,0.0
DEC_4445,-7.827
DEC_0948,-6.763
DEC_3633,-8.626
DEC_2948,-8.545
DEC_2754,-8.519
DEC_2618,-8.672
DEC_3116,-9.439
DEC_3914,-7.655
DEC_0999,-7.071
DEC_1258,-9.333
DEC_2987,0.0
DEC_2726,-6.961
DEC_0751,-7.45
DEC_4340,-6.433
DEC_2080,0.0
DEC_2859,-9.544
DEC_3695,-8.837
DEC_0024,-6.707
ACT_082,-10.239
DEC_0342,23.614
DEC_3241,0.0
ACT_029,-9.1
DEC_1975,-9.316
DEC_4485,-9.508
ACT_035,-7.97
DEC_2746,-7.157
DEC_2221,-7.513
DEC_1468,-8.704
DEC_2623,-7.649
DEC_0649,-6.981
DEC_0762,-7.375
DEC_1065,-10.341
DEC_4743,-7.278
DEC_3511,-7.022
DEC_4577,-114.611
DEC_1721,-9.005
ACT_025,-9.276
DEC_2952,-7.546
DEC_1256,-6.651
DEC_4382,-7.924
DEC_2169,-7.387
DEC_2653,0.0
DEC_3064,0.0
DEC_0691,-9.049
DEC_3121,-135.401
DEC_0391,-6.416
DEC_0012,48.18
DEC_2207,-8.623
DEC_4546,1.21
DEC_0287,-9.433
DEC_0944,-7.53
DEC_4057,-7.777
DEC_0961,-9.428
DEC_2715,-6.07
DEC_3980,-7.99
ACT_055,-8.937
DEC_4022,-9.063
DEC_1145,-8.745
DEC_2837,-54.613
DEC_4583,-7.134
DEC_4262,-8.113
DEC_1605,-9.823
DEC_2316,0.0
DEC_2985,-8.632
DEC_0408,-7.58
DEC_4242,-10.075
DEC_1963,0.0
DEC_4306,-7.595
DEC_2565,-8.625
DEC_4049,-7.547
DEC_3355,0.0
DEC_3263,0.0
DEC_1839,0.0
DEC_0106,-7.169
DEC_3391,-8.412
DEC_0345,-10.128
DEC_4186,0.0
DEC_1357,-6.946
DEC_0744,-7.974
DEC_0211,-8.95
DEC_4037,-7.875
DEC_3657,-9.733
DEC_4608,-7.632
DEC_1699,0.0
DEC_1867,0.0
DEC_4260,-6.911
DEC_4531,-15.462
DEC_3206,-9.354
DEC_3411,0.0
DEC_0041,-8.51
DEC_0193,-7.884
DEC_2083,-10.657
DEC_0173,-9.147
DEC_0684,-9.637
DEC_4005,-9.85
DEC_1854,-10.032
DEC_0653,-9.685
DEC_4558,-10.163
DEC_3783,-9.212
DEC_2800,-10.369
DEC_0083,-8.934
DEC_0685,-7.994
DEC_3881,-7.103
DEC_0046,-8.268
DEC_3810,-76.427
DEC_3453,-8.967
DEC_4159,-8.103
DEC_2145,-10.521
DEC_4268,-8.525
ACT_017,-10.027
DEC_2668,-9.771
DEC_0812,-8.885
DEC_0964,-7.94
DEC_0364,-6.572
DEC_1116,-9.754
DEC_1330,-8.004
DEC_2418,0.0
DEC_2829,-9.498
DEC_0338,-10.168
ACT_003,-6.942
DEC_0095,-8.727
DEC_3472,-6.753
DEC_1243,-7.482
DEC_1805,0.0
DEC_4519,-7.764
DEC_4500,-6.411
DEC_2162,-7.56
DEC_0712,-9.27
DEC_2655,-8.697
DEC_2724,-7.525
DEC_4051,-8.489
DEC_0662,-8.425
DEC_2893,-8.508
DEC_3759,-7.457
DEC_1782,0.0
DEC_1241,-7.798
DEC_3960,-6.744
DEC_2559,25.294
DEC_4683,-5.65
DEC_3974,-7.824
DEC_4462,-9.611
DEC_0171,11.482
DEC_2945,-7.908
DEC_1359,-10.293
ACT_002,0.0
DEC_4063,-7.608
DEC_2184,0.0
DEC_2044,0.0
DEC_2212,0.0
DEC_2549,-8.743
DEC_0842,-8.879
DEC_3151,-7.374
DEC_3216,-7.977
DEC_2475,129.984
ACT_100,-8.118
DEC_3138,0.0
DEC_4211,-10.186
DEC_2018,0.0
DEC_4027,-9.468
DEC_2333,-6.706
DEC_2326,0.0
DEC_0592,-8.965
DEC_4587,-8.533
DEC_0562,-7.584
DEC_1893,0.0
DEC_3229,-7.908
DEC_3435,0.0
DEC_4396,-7.558
DEC_4688,-8.231
DEC_0715,-8.851
DEC_4417,-9.255
DEC_2337,0.0
DEC_0634,-9.141
DEC_1261,-9.151
DEC_1201,-8.754
DEC_4496,-7.427
DEC_4647,-7.64
ACT_006,0.0
DEC_1092,-7.943
DEC_4205,-9.278
DEC_0900,27.151
DEC_3734,-8.104
DEC_0656,-8.281
DEC_4756,-8.528
DEC_0956,-8.143
DEC_3811,-8.531
DEC_4128,-112.564
DEC_1644,0.0
DEC_3157,-9.024
DEC_0826,-8.301
DEC_4723,-8.464
DEC_3927,-7.949
DEC_3007,0.0
DEC_1735,-75.072
DEC_2354,0.0
DEC_4479,0.0
DEC_0192,-9.8
DEC_1433,-8.516
DEC_1667,0.0
DEC_1285,-6.914
DEC_1376,-8.752
DEC_0560,-5.624
DEC_2151,0.0
DEC_0412,-6.336
DEC_2609,-8.331
DEC_0160,-6.464
DEC_2174,0.0
DEC_0468,-7.02
DEC_1353,-8.925
DEC_4415,-8.558
DEC_2890,-9.886
DEC_3193,-8.482
DEC_3923,26.41
DEC_2537,-7.736
DEC_2476,-8.742
DEC_1655,0.0
DEC_3430,0.0
DEC_3785,-8.561
DEC_1495,-8.905
DEC_0563,-7.737
DEC_1397,-9.698
DEC_3977,-8.908
DEC_4098,-8.609
DEC_2228,0.0
DEC_0991,-7.697
DEC_4648,-9.295
DEC_2885,-8.493
DEC_0022,-6.763
DEC_1508,-9.828
DEC_1550,8.978
DEC_2116,-9.354
DEC_1162,-7.991
DEC_0240,-8.749
DEC_2309,0.0
DEC_4652,-10.041
DEC_1150,-6.94
DEC_1536,-9.596
DEC_2907,-9.235
DEC_4541,-8.896
DEC_1105,-9.392
DEC_4470,-11.063
DEC_2127,-7.737
DEC_1976,0.0
DEC_0800,-7.544
DEC_3860,-6.615
DEC_2733,-7.072
DEC_3596,-8.988
DEC_2335,0.0
DEC_1402,-84.831
DEC_2903,-8.777
DEC_3548,-8.257
DEC_1920,0.0
DEC_3606,-130.518
DEC_0771,-8.305
DEC_3442,0.0
DEC_3205,0.0
DEC_3188,-10.178
DEC_2214,-7.015
DEC_3140,-88.605
DEC_3497,-7.901
DEC_0652,-6.398
DEC_1873,0.0
DEC_2905,-9.676
DEC_1896,0.0
DEC_3629,-8.092
DEC_2089,-10.145
DEC_1450,-7.535
DEC_4399,-7.988
DEC_3022,0.0
DEC_1897,0.0
DEC_0837,-7.816
DEC_0245,-6.933
DEC_4157,-8.419
DEC_1002,-9.497
DEC_0361,-7.87
DEC_3306,0.0
DEC_1998,-8.123
DEC_4336,-8.525
DEC_0352,53.857
ACT_064,-10.566
DEC_4605,-10.046
DEC_1904,-9.001
DEC_2097,-8.921
DEC_4150,24.16
DEC_2876,-9.283
DEC_1355,-9.692
DEC_3141,0.0
DEC_0908,-8.878
DEC_2386,0.0
DEC_1641,-7.114
DEC_4705,-7.391
DEC_1238,-9.949
DEC_0936,-8.228
DEC_1051,-8.868
DEC_1842,-9.947
DEC_0300,-8.62
DEC_3071,0.0
DEC_3993,0.0
DEC_3939,-7.314
DEC_0636,-8.192
DEC_1831,0.0
DEC_4177,-9.639
DEC_3496,-8.37
DEC_2329,0.0
DEC_1770,0.0
DEC_0188,-8.537
DEC_4414,-7.716
DEC_1696,-9.475
DEC_0242,-9.263
DEC_3816,-22.694
DEC_0255,-54.53
DEC_1923,-9.245
DEC_1452,-18.973
DEC_4460,-9.14
DEC_1202,-8.244
DEC_3431,-8.477
DEC_3679,-8.156
DEC_1630,0.0
DEC_0686,-8.484
DEC_4664,-8.597
DEC_4208,-10.162
DEC_4429,-9.515
DEC_4503,-8.581
DEC_1477,-9.688
DEC_3177,22.991
DEC_0190,-7.64
DEC_1321,-7.573
DEC_4053,-7.559
DEC_4690,-7.007
DEC_0140,-7.469
DEC_3323,0.0
DEC_4011,-9.726
DEC_0142,-7.627
DEC_1479,-7.751
DEC_3864,-9.766
DEC_1277,-8.217
DEC_1887,0.0
DEC_3831,-154.945
DEC_1159,97.691
DEC_0510,-7.65
DEC_2467,-8.046
DEC_2938,0.0
DEC_2606,8.191
DEC_1165,-9.139
DEC_2651,-7.921
DEC_2383,0.0
DEC_4772,-7.918
DEC_3568,-9.343
DEC_2310,0.0
DEC_1993,0.0
DEC_4258,-8.001
DEC_0696,-8.186
DEC_1757,0.0
DEC_0542,-8.488
DEC_1209,-6.86
DEC_0981,-7.492
DEC_2095,-9.064
DEC_4085,-8.564
DEC_0438,-7.327
DEC_3711,-7.187
DEC_3415,-8.712
DEC_3926,-7.804
DEC_1672,0.0
DEC_0650,-7.423
DEC_4702,-8.708
DEC_1996,0.0
DEC_0109,-8.226
DEC_2442,-10.531
DEC_0029,-8.289
DEC_3063,-7.214
DEC_2602,-8.548
DEC_0471,-7.079
DEC_3765,-8.136
DEC_2260,0.0
DEC_2773,-5.539
ACT_010,-7.132
DEC_1847,0.0
DEC_0780,-9.634
DEC_3340,-8.633
DEC_4623,-8.443
DEC_0305,66.445
DEC_2921,-9.7
DEC_3055,0.0
ACT_060,-11.254
DEC_2367,0.0
DEC_4180,-8.481
DEC_2194,0.0
DEC_2006,-8.048
DEC_3316,0.0
DEC_0278,-8.864
DEC_4510,-9.043
DEC_0730,-9.461
DEC_3931,-9.103
DEC_0847,-6.907
DEC_4298,-8.315
DEC_1047,-7.345
DEC_0578,-5.797
DEC_3322,0.0
DEC_3770,-8.606
DEC_0258,-8.471
DEC_0957,-7.708
DEC_2324,0.0
DEC_4095,-9.877
DEC_4169,-7.72
DEC_3837,-9.67
DEC_2051,-8.958
DEC_1228,-7.673
DEC_1553,-7.225
DEC_2216,-6.937
DEC_4138,-8.37
DEC_1356,-9.638
ACT_092,-7.426
DEC_1925,-8.53
DEC_3549,-8.157
DEC_1681,0.0
DEC_4617,-10.183
DEC_1327,-9.079
DEC_4674,-9.04
DEC_4326,-8.781
DEC_2820,-10.621
DEC_0876,-7.322
DEC_1555,-6.785
DEC_0890,-42.351
DEC_2881,-8.063
DEC_3030,-9.085
DEC_1755,0.0
DEC_2381,0.0
DEC_0603,-7.4
DEC_0539,0.0
DEC_2624,-7.745
DEC_0191,-6.214
DEC_1396,-9.001
DEC_4232,-8.683
DEC_4537,-9.41
DEC_0752,-7.007
DEC_2374,-8.381
DEC_4209,-9.378
DEC_4099,-8.598
ACT_051,-9.044
DEC_3464,-8.18
DEC_3118,-8.023
DEC_2895,-8.436
DEC_2509,-7.276
DEC_1106,-7.899
DEC_3251,-8.035
DEC_1800,0.0
DEC_0849,-8.817
DEC_0702,-7.732
DEC_0667,-8.347
DEC_2629,-8.99
DEC_0353,45.67
DEC_2315,0.0
DEC_1309,-8.502
DEC_4495,-8.859
DEC_2978,-9.595
DEC_0963,-8.143
DEC_2787,-5.88
DEC_3684,-8.589
DEC_2823,-40.111
DEC_3168,-8.552
DEC_0102,-8.438
DEC_2288,0.0
DEC_0117,-7.472
DEC_4677,-8.133
DEC_2603,-9.02
DEC_3321,0.0
DEC_2901,-8.993
DEC_0719,-8.975
DEC_3932,-8.642
DEC_3571,-101.336
DEC_4345,-7.401
DEC_1054,-7.669
ACT_091,0.0
DEC_1155,-8.251
DEC_2239,0.0
DEC_0241,-7.222
DEC_0628,-7.71
DEC_2776,-8.899
DEC_1247,-10.31
DEC_2579,-8.752
DEC_1823,-9.429
DEC_0124,-6.726
DEC_0075,-7.844
DEC_3457,-7.846
DEC_3212,0.0
DEC_2038,-8.376
DEC_2525,-6.825
DEC_1337,-7.759
DEC_0637,-8.187
DEC_1520,-9.571
ACT_076,-10.128
DEC_1014,-9.907
DEC_0757,-6.697
DEC_1317,-8.973
DEC_2747,-7.441
DEC_3838,-7.959
DEC_0721,-9.605
DEC_1093,-8.725
DEC_3129,-9.446
DEC_1756,0.0
DEC_2087,-10.967
DEC_2759,-7.748
DEC_2642,-9.922
DEC_2320,0.0
DEC_0767,-7.976
DEC_1365,-45.285
DEC_4596,-9.417
DEC_4533,-9.847
DEC_3008,0.0
DEC_0396,-9.016
DEC_2364,-9.103
DEC_4029,-9.888
DEC_3243,-8.336
DEC_2657,-10.198
DEC_1279,-8.258
DEC_2022,-8.747
DEC_2505,-7.999
DEC_4642,-7.801
DEC_1922,0.0
DEC_3388,0.0
DEC_4117,-9.38
DEC_4224,-8.286
DEC_3079,0.0
DEC_1680,-8.448
DEC_3621,-8.483
DEC_3529,-7.341
DEC_0330,-151.906
DEC_3160,0.0
DEC_4458,-9.057
DEC_4135,-8.024
ACT_056,-9.367
DEC_3558,-120.55
DEC_1473,-9.509
DEC_3849,-10.42
DEC_3544,-7.464
DEC_2250,0.0
DEC_1113,-9.641
DEC_0310,141.379
DEC_1852,-10.155
DEC_4364,-7.533
DEC_0648,-9.682
DEC_2566,-4.049
DEC_2124,0.0
DEC_2428,0.0
DEC_1875,0.0
DEC_2034,0.0
DEC_0568,-6.85
DEC_4564,-8.436
DEC_1502,-9.397
DEC_3902,-8.007
DEC_0906,-8.867
DEC_1197,-8.347
DEC_3155,0.0
DEC_2446,-9.218
DEC_4187,-8.599
DEC_4724,-7.055
DEC_1857,0.0
DEC_4361,-8.131
DEC_0544,0.0
DEC_0882,-8.474
DEC_3749,-113.348
DEC_4219,-8.39
DEC_4107,113.883
DEC_2883,-10.286
DEC_4231,-5.855
DEC_1968,0.0
DEC_1118,-8.712
DEC_1234,-7.727
DEC_4563,-9.577
DEC_3947,-8.362
DEC_1571,-8.064
DEC_2531,-8.894
DEC_0586,-7.083
DEC_0802,-8.842
DEC_2575,-8.247
DEC_4178,-9.732
DEC_1547,-8.598
DEC_1790,0.0
DEC_2851,-8.268
DEC_1624,0.0
DEC_0581,-21.84
DEC_0711,-8.893
DEC_4359,-8.435
DEC_3790,-9.036
DEC_3021,0.0
DEC_0120,-7.748
DEC_3989,0.0
DEC_0301,49.784
DEC_2564,-10.205
DEC_1117,-9.623
DEC_3728,-9.027
DEC_2484,-9.733
DEC_1377,-9.809
DEC_0406,-8.87
DEC_3451,-7.118
DEC_2719,-7.092
DEC_4192,0.0
DEC_1503,-8.426
DEC_4170,-10.324
DEC_2176,-7.035
DEC_0763,-7.305
DEC_2357,0.0
DEC_0791,-8.636
DEC_4422,-7.181
DEC_2142,-8.486
DEC_2035,0.0
DEC_2339,-9.505
DEC_2050,0.0
DEC_4430,-6.554
DEC_0451,-8.93
DEC_0185,-7.743
DEC_1740,-9.011
DEC_0680,-8.515
DEC_1304,-9.314
DEC_2976,0.0
DEC_0968,-8.687
DEC_3722,-7.647
DEC_2620,-7.208
DEC_2436,-9.317
DEC_3619,30.323
DEC_2702,-7.981
DEC_1496,-8.696
DEC_2910,-5.563
DEC_0748,-9.678
DEC_3202,0.0
DEC_3249,0.0
DEC_0689,-8.256
DEC_3585,-10.91
DEC_2932,-9.65
DEC_2581,-10.388
DEC_1125,-8.631
DEC_2118,0.0
DEC_0091,-6.267
DEC_4571,-10.764
DEC_0625,-8.037
DEC_0084,-9.727
DEC_4754,-8.802
DEC_2039,0.0
DEC_2362,0.0
DEC_0950,-8.514
DEC_1037,-8.197
DEC_1041,-8.671
DEC_4731,-7.156
DEC_3575,-9.4
DEC_0284,-8.114
DEC_2849,-11.178
DEC_0172,-9.47
DEC_2448,-9.773
DEC_2762,-8.744
DEC_4131,-10.079
DEC_3675,-8.328
DEC_0811,-7.677
DEC_2551,-8.669
DEC_3836,-9.245
DEC_2234,-6.423
DEC_2871,-8.539
DEC_4278,-7.831
DEC_3889,-7.873
DEC_2445,-8.947
DEC_3192,-10.314
DEC_3878,-6.551
DEC_1816,0.0
DEC_2980,-8.157
DEC_1358,-10.525
DEC_3521,-7.443
DEC_0216,-8.675
DEC_2455,-8.844
DEC_2545,-8.975
DEC_3937,-9.912
DEC_1361,-8.833
DEC_0405,-8.509
DEC_4395,-9.256
DEC_3104,0.0
DEC_3829,6.717
DEC_4678,-8.618
DEC_0076,-7.826
DEC_3039,0.0
DEC_1254,-9.848
DEC_1100,-9.108
DEC_3842,-21.453
DEC_0281,-8.079
DEC_3441,-8.123
DEC_3917,-7.786
DEC_1033,-9.36
DEC_0629,-8.945
DEC_3113,0.0
DEC_0905,-8.922
DEC_0823,-8.581
DEC_1505,-9.573
DEC_3850,36.453
DEC_3194,-7.161
DEC_4204,-8.335
DEC_0569,-7.275
DEC_2788,-6.284
DEC_1936,-9.247
DEC_3049,0.0
DEC_1158,-7.053
DEC_3047,-6.709
DEC_1140,-7.273
DEC_4054,-8.6
DEC_0056,-8.399
DEC_2104,0.0
DEC_3510,-7.845
DEC_1965,0.0
DEC_3637,-7.446
DEC_4502,-9.121
DEC_0609,-9.413
DEC_3311,-8.305
DEC_3992,-7.832
DEC_4568,13.662
DEC_3855,-10.481
DEC_2839,45.532
DEC_4697,-7.146
DEC_0187,-8.732
DEC_1415,-187.014
DEC_1448,-8.464
DEC_3638,-8.411
DEC_0580,-8.651
DEC_1008,-8.725
DEC_3401,0.0
DEC_2771,-9.105
DEC_0697,-8.54
DEC_1640,-7.196
DEC_1610,-7.481
DEC_1883,0.0
DEC_0393,-7.29
DEC_1872,0.0
DEC_2684,-9.816
DEC_2840,-11.041
DEC_0058,-9.332
DEC_2378,0.0
DEC_2425,-8.678
DEC_1582,-9.489
DEC_1360,-10.648
DEC_4349,-6.802
DEC_3234,-43.844
DEC_3159,-8.364
DEC_1103,-8.06
DEC_2778,-8.12
ACT_033,-9.771
DEC_3219,0.0
DEC_4691,-7.314
DEC_3538,-7.717
DEC_0268,-7.8
DEC_2819,-9.244
DEC_1248,-9.283
DEC_2904,-8.366
DEC_2304,-7.697
DEC_2497,-7.116
DEC_0475,-8.056
DEC_4304,-9.067
DEC_4711,-8.429
DEC_2273,-8.793
DEC_3920,-8.486
ACT_096,-9.562
DEC_2639,-7.611
DEC_2833,-11.556
DEC_4344,-6.868
DEC_3724,-9.71
DEC_3586,0.0
DEC_3731,-40.722
DEC_3178,0.0
DEC_0333,6.387
DEC_3277,0.0
DEC_3456,-8.458
DEC_2935,0.0
DEC_0982,-6.502
DEC_1733,-9.228
DEC_3259,0.0
DEC_1895,0.0
DEC_1919,-9.793
DEC_3012,0.0
DEC_4471,-10.259
DEC_1507,-8.704
DEC_3994,-8.296
DEC_2033,-7.457
DEC_1632,0.0
DEC_0924,-8.615
DEC_0070,-8.739
DEC_2802,-33.015
DEC_3737,-8.906
ACT_020,-9.361
DEC_4588,-7.788
DEC_0015,-7.458
DEC_3416,0.0
DEC_3847,-9.423
DEC_3670,-9.572
DEC_0677,-9.363
DEC_0731,-7.095
DEC_0092,-8.521
DEC_3699,-8.633
DEC_1990,-8.416
DEC_4281,-8.434
DEC_3271,0.0
DEC_4143,-9.804
DEC_0066,-10.132
DEC_3210,0.0
DEC_3081,0.0
DEC_1301,-8.312
DEC_4034,-7.498
DEC_2106,0.0
DEC_1328,-8.602
DEC_2463,-8.409
DEC_0399,-7.972
DEC_1058,-8.186
DEC_3428,-8.946
DEC_0732,-6.419
DEC_4283,-8.798
DEC_4542,-8.591
DEC_2115,0.0
DEC_4042,-7.205
DEC_3760,-8.293
DEC_2199,0.0
DEC_4247,-8.402
DEC_1570,-8.754
DEC_4526,-10.558
DEC_0979,-7.868
DEC_1170,-8.499
DEC_0294,-66.639
DEC_4043,-7.527
DEC_1974,-8.451
DEC_3542,-7.528
DEC_0295,9.264
DEC_0339,-8.765
DEC_0635,-8.959
DEC_2721,-6.314
ACT_071,-9.755
DEC_1075,-10.184
DEC_3090,0.0
DEC_2838,-9.681
DEC_4243,-7.342
DEC_1585,-9.066
DEC_2674,33.93
DEC_2103,0.0
DEC_3745,-8.986
DEC_3658,-7.629
DEC_0148,-8.004
DEC_3741,-8.314
DEC_1768,0.0
DEC_4561,-9.774
DEC_4330,-7.873
DEC_3073,0.0
DEC_0179,-8.119
DEC_4760,-7.109
DEC_3691,-10.282
DEC_1590,-6.98
DEC_4650,-9.303
DEC_0099,-9.827
DEC_0205,-8.981
DEC_0039,-8.331
DEC_0141,-7.824
DEC_2060,-8.695
DEC_1901,0.0
DEC_2914,-8.436
DEC_0594,-8.849
DEC_4153,-9.816
DEC_0590,-8.37
DEC_1788,0.0
DEC_1910,-9.006
DEC_4472,-8.853
DEC_0955,-8.384
DEC_2963,-7.725
DEC_1946,-7.769
DEC_0907,-8.85
DEC_2321,0.0
DEC_3164,0.0
DEC_1252,-8.645
DEC_0704,-8.957
DEC_0525,-8.386
DEC_3649,-8.685
DEC_3144,-8.229
DEC_2223,0.0
DEC_2785,94.753
DEC_0498,-7.523
DEC_4284,-6.962
DEC_0088,-7.596
DEC_1596,-9.339
DEC_1182,-7.205
DEC_1419,-9.637
DEC_4437,-8.42
DEC_1212,-7.112
DEC_3766,-8.656
DEC_3730,-9.295
DEC_2591,-9.327
DEC_4560,-10.203
DEC_2001,0.0
DEC_1374,-193.985
DEC_2215,0.0
DEC_2477,-2.533
DEC_1372,123.073
DEC_1810,-9.16
DEC_4574,-8.852
DEC_1060,-8.182
DEC_1218,-8.599
DEC_2301,0.0
DEC_4175,-7.829
DEC_4508,-7.924
DEC_2300,0.0
DEC_3381,0.0
DEC_2204,0.0
DEC_4023,-8.74
DEC_0768,-7.452
DEC_3774,-9.812
DEC_1142,-10.993
DEC_1264,-7.368
DEC_0756,-7.903
DEC_1864,-8.605
DEC_4371,-7.036
DEC_0671,-8.555
DEC_2522,-7.964
DEC_4307,-7.897
DEC_1445,-9.635
DEC_1000,-8.981
DEC_3908,-5.716
DEC_3856,-9.962
DEC_4357,-8.17
DEC_2669,-7.62
DEC_4599,-8.163
DEC_2314,-7.883
DEC_2292,-9.475
DEC_0733,-7.311
DEC_3986,-152.696
DEC_4290,-6.951
DEC_4325,-8.638
DEC_2253,0.0
DEC_4348,-6.626
DEC_1591,-8.973
DEC_2587,-8.513
DEC_2146,-10.226
DEC_0492,-8.154
DEC_1132,-9.902
DEC_2572,-10.264
DEC_2781,-8.176
DEC_2748,-8.084
DEC_0654,-8.932
DEC_1442,-10.621
DEC_2627,-8.309
DEC_0512,-99.627
DEC_3517,-9.01
DEC_1606,-8.5
DEC_2861,-9.661
DEC_2049,0.0
DEC_3796,-8.756
DEC_1311,-7.344
DEC_0093,-175.244
DEC_4602,-8.289
DEC_1650,0.0
DEC_2272,-8.474
DEC_3382,0.0
DEC_1028,-7.309
DEC_1131,-8.834
DEC_1594,-6.997
DEC_0806,-8.877
DEC_3387,-7.748
DEC_4031,-8.3
DEC_4024,-10.253
DEC_4052,-7.856
DEC_1214,-9.114
DEC_1207,-7.714
DEC_2091,-10.323
DEC_1085,-8.976
DEC_3394,-8.094
DEC_4353,116.953
DEC_0132,-7.768
DEC_3482,-8.172
DEC_0860,-7.956
DEC_4236,-8.52
DEC_4610,-8.971
DEC_2774,-7.708
DEC_0903,-9.314
DEC_2466,45.379
DEC_4776,-6.905
DEC_0038,-7.317
DEC_0314,43.329
DEC_3570,-9.446
DEC_0745,-6.888
DEC_3890,-8.177
DEC_4164,43.145
DEC_1618,0.0
DEC_0032,-9.309
DEC_0363,-5.942
DEC_3812,-8.175
DEC_1030,-7.628
DEC_0536,-9.667
DEC_3791,-9.901
DEC_1787,0.0
DEC_3716,-9.528
DEC_4017,-36.734
DEC_1454,-8.405
DEC_2079,0.0
DEC_4156,-9.095
DEC_4026,-8.738
DEC_2262,-7.264
ACT_094,-9.437
ACT_015,-8.891
DEC_4780,-6.856
DEC_0422,-8.753
DEC_4459,-8.987
DEC_2405,0.0
DEC_2101,0.0
DEC_0632,-6.499
DEC_0386,-8.195
DEC_1325,-7.948
DEC_0445,-8.186
DEC_2109,0.0
DEC_3758,-9.64
DEC_1439,-8.746
DEC_1447,-104.402
DEC_2847,-8.439
DEC_3697,-9.33
DEC_3324,-7.549
DEC_4332,-7.478
DEC_0455,-8.269
DEC_3703,-7.026
DEC_3094,-7.176
DEC_4161,58.723
DEC_2372,-8.668
DEC_1834,0.0
DEC_0183,-9.808
DEC_0147,-7.117
DEC_3743,-7.889
DEC_0162,77.829
DEC_2589,-230.941
DEC_4612,-9.886
DEC_2700,-5.284
DEC_0200,83.757
DEC_0793,-8.337
ACT_013,-8.853
DEC_4518,-6.498
DEC_3450,-115.448
DEC_3648,-9.428
DEC_1163,-9.088
DEC_1794,0.0
DEC_0137,-8.317
DEC_2413,0.0
DEC_4030,-9.122
DEC_3106,-8.945
DEC_0441,-5.969
DEC_3145,-7.475
DEC_0128,-7.62
DEC_1725,-9.956
DEC_3115,-7.87
DEC_4079,-7.688
DEC_4521,-8.175
DEC_0742,-7.74
DEC_0377,-8.48
DEC_3672,-7.738
DEC_4216,-9.663
DEC_2233,-8.223
DEC_3579,-9.967
DEC_0514,25.991
DEC_2929,0.0
DEC_0729,-8.212
DEC_4467,-8.229
DEC_2144,-10.228
DEC_0153,-7.522
DEC_0360,-6.044
DEC_0220,-7.809
DEC_3915,-7.677
DEC_2064,0.0
DEC_4346,-7.812
DEC_2351,0.0
DEC_0236,-9.348
DEC_0914,-94.445
DEC_0795,-8.401
DEC_3507,-7.702
DEC_1829,-8.176
DEC_3905,-8.999
DEC_3332,0.0
DEC_1431,-6.926
DEC_4086,-8.714
DEC_0528,-7.243
DEC_1859,0.0
DEC_0448,-8.212
DEC_3622,-6.767
DEC_0805,-10.392
DEC_3577,-9.22
DEC_2240,0.0
DEC_4534,-8.579
DEC_4455,-7.737
DEC_4635,-10.12
DEC_3267,0.0
DEC_3068,-7.306
DEC_1157,-9.286
DEC_1807,0.0
DEC_0385,-7.116
DEC_4197,-9.475
DEC_3103,0.0
DEC_1373,44.336
DEC_4597,-8.109
ACT_047,-8.082
DEC_1137,-8.803
DEC_4735,-7.152
DEC_3906,-8.186
DEC_3825,0.0
DEC_0865,-5.71
DEC_3857,-10.409
DEC_0969,-7.208
ACT_028,-8.074
DEC_2764,-5.31
DEC_1226,-8.923
DEC_2283,-8.984
DEC_0476,-8.233
DEC_4704,-6.959
DEC_0291,-8.835
DEC_3244,-8.692
DEC_4739,-8.449
DEC_2408,-10.061
DEC_3360,0.0
DEC_4536,-9.22
DEC_1561,-8.519
DEC_0619,-7.563
DEC_0692,-8.625
DEC_2226,-8.142
DEC_3574,-9.781
DEC_1281,-7.831
DEC_3551,-7.751
DEC_3543,-8.003
DEC_0954,-8.002
DEC_1780,0.0
DEC_2406,-8.484
DEC_1255,-27.809
DEC_0362,-6.784
DEC_0690,9.795
DEC_2882,-8.451
DEC_1818,-7.775
DEC_3696,-8.429
DEC_0450,-8.08
DEC_2616,-7.956
DEC_2376,0.0
DEC_3818,-10.244
DEC_1762,0.0
DEC_4013,-8.673
DEC_1273,-9.147
DEC_4058,-8.201
DEC_2227,-6.744
DEC_4046,-7.565
ACT_038,-9.484
DEC_0054,-8.376
DEC_4489,-9.16
DEC_0664,-9.763
DEC_3945,-7.741
DEC_3158,0.0
DEC_0049,-7.341
DEC_0621,-8.086
DEC_1612,-7.991
DEC_2769,-8.421
DEC_3513,-7.136
DEC_2092,4.167
DEC_3689,-8.367
DEC_3274,-9.431
DEC_0267,-8.249
DEC_0143,-7.277
DEC_2643,-10.165
DEC_2716,-7.861
DEC_1077,-8.905
DEC_0717,-9.924
DEC_4491,-8.04
DEC_3827,-8.96
DEC_1567,-8.513
DEC_0547,-7.802
DEC_2155,0.0
DEC_2845,-9.442
DEC_2664,-9.286
DEC_3725,-8.354
DEC_3862,-7.874
DEC_4228,-10.032
DEC_3919,-10.058
DEC_4514,-6.85
DEC_3221,0.0
DEC_0854,-8.553
DEC_3564,-9.649
DEC_3708,-8.937
DEC_2465,66.97
DEC_0894,-9.387
DEC_3891,-7.679
DEC_0348,-8.54
DEC_3179,-10.18
DEC_1013,-5.913
DEC_2203,-7.975
DEC_1011,-8.88
DEC_3824,-9.518
DEC_4722,-7.45
DEC_4457,-9.025
DEC_1863,0.0
DEC_0951,-8.238
DEC_3069,0.0
DEC_1319,-7.289
DEC_2568,-7.729
DEC_3525,-7.718
DEC_4598,-8.607
DEC_2628,-9.168
DEC_3101,-7.617
DEC_3200,-9.112
DEC_3552,-7.671
DEC_4522,-7.286
DEC_2766,-7.038
DEC_3148,-7.511
DEC_2831,-9.517
DEC_3293,0.0
DEC_1021,-7.434
DEC_2196,-6.763
DEC_1329,-8.861
DEC_1866,0.0
DEC_3260,0.0
DEC_1903,-9.204
DEC_4535,-10.039
DEC_1084,-9.733
DEC_1120,-9.179
DEC_0822,-7.898
DEC_3833,-9.905
DEC_3913,-8.29
DEC_1043,-8.09
DEC_0910,-14.096
DEC_0688,-7.957
DEC_2517,-6.607
DEC_0983,-6.291
DEC_1352,-9.607
DEC_2138,-9.869
DEC_1303,-7.339
DEC_2084,-10.055
DEC_3685,-8.282
DEC_4145,-8.932
DEC_1186,0.0
DEC_2934,-10.096
DEC_4681,-5.598
DEC_4272,-8.621
DEC_4668,-8.919
DEC_3270,-8.748
DEC_0750,-7.029
DEC_2025,-7.55
DEC_0466,-7.916
DEC_0156,-8.285
DEC_3533,-5.586
DEC_3681,-8.519
DEC_1581,-8.173
DEC_2515,-8.838
DEC_1592,-6.984
DEC_0521,-10.062
DEC_1616,0.0
DEC_1185,-7.741
DEC_4238,-10.505
DEC_2843,49.221
DEC_0682,-9.357
DEC_3563,-8.187
DEC_2246,-7.43
DEC_0030,-8.45
DEC_0893,74.984
DEC_0506,-9.507
DEC_3167,0.0
DEC_2048,-8.91
DEC_0599,6.413
DEC_1868,0.0
DEC_2685,-10.461
DEC_3294,0.0
DEC_0833,-7.099
DEC_2266,0.0
DEC_2270,0.0
DEC_0988,-7.563
DEC_1844,0.0
DEC_2821,-91.82
DEC_2873,-8.36
DEC_1161,-7.532
DEC_2291,0.0
DEC_2972,0.0
DEC_0349,-10.308
DEC_1257,-7.829
DEC_1409,-8.906
ACT_069,-9.711
DEC_1846,0.0
DEC_1128,-8.374
DEC_2206,-8.194
DEC_4777,-7.295
DEC_2081,-9.57
DEC_1988,0.0
DEC_1978,0.0
DEC_1278,-7.832
DEC_3397,-9.182
DEC_3669,-9.152
DEC_1510,-9.397
DEC_4038,-7.913
DEC_4401,-7.477
DEC_2713,-7.963
DEC_3515,-7.942
DEC_2751,-9.092
DEC_3635,-8.642
DEC_0511,-8.396
DEC_4771,-8.284
DEC_2028,0.0
DEC_1841,0.0
DEC_3119,0.0
DEC_4505,-7.787
DEC_4633,-8.612
DEC_2450,45.763
DEC_3975,-8.79
DEC_1949,-9.221
DEC_1545,-8.863
DEC_1986,-8.545
DEC_2720,-5.979
DEC_3661,-8.707
DEC_3942,-9.129
DEC_1398,-10.136
DEC_4557,-10.064
DEC_2731,-7.842
DEC_1429,-8.112
DEC_1514,-8.089
DEC_3114,-8.549
DEC_0428,0.0
DEC_0387,-8.086
DEC_2403,0.0
DEC_3486,-8.653
DEC_2630,-8.02
DEC_1745,0.0
DEC_1966,0.0
DEC_4388,-7.692
DEC_3372,-10.177
DEC_1083,-8.882
DEC_4442,-8.17
DEC_1385,-10.008
DEC_0698,-6.917
DEC_2202,0.0
DEC_2236,0.0
DEC_0110,-6.712
DEC_3988,0.0
DEC_3514,-7.174
DEC_3762,-7.797
DEC_1552,-6.879
DEC_3555,-7.942
DEC_3550,-8.74
DEC_0449,-7.916
DEC_1666,0.0
DEC_0341,-7.582
DEC_3643,-8.574
DEC_4148,-7.388
DEC_4687,-61.659
DEC_3971,-7.965
DEC_2348,0.0
DEC_1928,0.0
DEC_1053,-8.403
DEC_2493,-9.612
DEC_0100,-8.159
DEC_2809,2.308
DEC_2290,0.0
DEC_4575,132.809
DEC_3694,-8.91
DEC_2825,-7.532
DEC_3353,0.0
DEC_1511,-8.936
DEC_0269,-8.34
DEC_4660,-8.614
DEC_3484,-8.105
DEC_3190,-8.432
DEC_1943,-10.316
DEC_4021,-9.299
DEC_2009,0.0
DEC_1941,0.0
DEC_0553,-8.392
DEC_3698,-7.999
DEC_2511,-7.344
DEC_2267,0.0
DEC_4182,0.0
DEC_0555,-5.69
DEC_0917,13.212
DEC_1613,0.0
DEC_2846,-9.974
DEC_1474,-8.932
DEC_1089,-7.567
DEC_3455,-9.111
DEC_0297,-9.285
DEC_0478,-6.935
DEC_0916,100.836
DEC_4016,-73.379
DEC_3258,0.0
DEC_0402,-6.972
DEC_1811,0.0
DEC_2815,-73.392
DEC_2510,-6.605
DEC_0335,76.115
DEC_2694,-8.543
DEC_2010,0.0
DEC_3483,-7.448
DEC_4062,-8.176
DEC_4239,-8.53
DEC_1315,-8.338
DEC_4753,-8.339
DEC_3327,-8.271
DEC_4434,-8.605
DEC_2385,-8.099
DEC_1294,-7.754
DEC_0736,-8.143
DEC_1803,0.0
DEC_3823,-8.936
DEC_4448,-8.854
DEC_1701,0.0
DEC_3674,-8.56
DEC_3318,-7.847
DEC_0199,-8.304
DEC_3611,-7.31
DEC_1119,-8.63
DEC_4068,-6.705
DEC_0904,51.971
DEC_1879,-7.827
DEC_3519,-7.552
DEC_1087,-8.163
DEC_4741,-7.179
DEC_2469,-8.038
DEC_1940,0.0
DEC_0025,-9.88
DEC_2827,-7.524
DEC_2937,-9.325
DEC_2806,70.549
DEC_2244,-8.862
DEC_0764,-9.605
DEC_0985,-7.506
DEC_2263,0.0
DEC_2528,-7.205
DEC_3189,0.0
DEC_0233,-9.659
DEC_0017,-7.575
DEC_3042,0.0
DEC_4525,-9.157
DEC_1283,-8.61
DEC_2672,-9.836
DEC_3364,0.0
DEC_4125,-8.668
DEC_4716,-6.741
DEC_2279,-8.201
DEC_2325,-9.05
DEC_0591,-7.58
DEC_2526,-6.901
DEC_1959,0.0
DEC_4640,-9.334
DEC_3752,-7.881
DEC_2417,-8.761
DEC_3067,-7.321
DEC_2461,-7.276
DEC_0413,-8.598
DEC_2698,-9.541
DEC_4134,-9.071
DEC_2502,-9.408
DEC_0705,-8.089
DEC_3427,-8.622
DEC_2722,-6.692
DEC_2996,0.0
DEC_3970,-7.614
DEC_1318,-8.323
DEC_0824,-6.506
DEC_1222,-8.54
DEC_2899,-9.162
DEC_0575,-8.397
DEC_1146,-10.098
DEC_3096,0.0
DEC_2023,-6.294
DEC_0409,-7.717
DEC_4377,-8.265
DEC_2902,-8.947
DEC_4093,-6.921
DEC_2979,-8.921
DEC_0646,-7.778
DEC_2308,0.0
DEC_2521,-8.801
DEC_3343,0.0
DEC_0426,-8.078
DEC_1312,-7.097
DEC_2020,-8.83
DEC_1809,0.0
DEC_1744,-8.197
DEC_4570,-11.296
DEC_2532,-8.326
DEC_1199,-7.322
DEC_0414,-7.765
DEC_3736,-7.718
DEC_3652,-8.541
DEC_1578,-7.228
DEC_4110,-9.349
DEC_2054,-9.267
DEC_3650,-7.982
DEC_3215,0.0
DEC_4412,-8.097
DEC_3002,-7.586
DEC_0254,-6.521
DEC_2644,-8.503
DEC_0432,-7.031
DEC_2160,-7.446
DEC_1815,0.0
DEC_1412,71.238
DEC_2245,-8.094
DEC_2794,-7.726
DEC_1379,-10.216
DEC_3792,19.98
DEC_3692,-9.315
DEC_0870,-9.074
DEC_2850,-7.547
DEC_4089,-7.473
DEC_3897,-6.296
DEC_3282,0.0
DEC_1984,-8.364
DEC_1381,-9.926
DEC_4221,-237.233
DEC_4707,-7.875
DEC_4625,-8.534
DEC_1129,-8.706
DEC_1090,-9.067
DEC_2121,-8.897
DEC_2153,0.0
DEC_0166,-8.671
DEC_4035,-7.68
DEC_1210,-8.2
DEC_0260,37.671
DEC_1724,-9.354
DEC_0608,-7.098
DEC_3058,-8.534
DEC_3061,0.0
DEC_3506,-7.178
DEC_0403,-7.551
DEC_4481,-9.252
DEC_4146,-9.04
DEC_1070,-9.809
DEC_2407,-8.261
DEC_0779,-9.187
DEC_1728,-9.615
DEC_0967,-7.857
DEC_4488,-8.357
DEC_4592,-9.217
DEC_3304,-9.857
DEC_1486,-7.817
DEC_2021,-8.849
DEC_4416,-8.52
DEC_4116,-8.296
DEC_0007,-7.62
DEC_4233,-9.505
DEC_4736,-7.959
DEC_3530,-9.593
DEC_2561,-12.867
DEC_1188,-9.527
DEC_4149,-111.434
DEC_4553,-9.359
DEC_2069,-7.646
DEC_2855,-9.072
DEC_4333,-7.24
DEC_4666,-7.296
DEC_2768,-8.12
DEC_1424,0.0
DEC_3503,-7.944
DEC_3041,-8.356
DEC_0529,-9.794
DEC_3036,0.0
DEC_0033,-8.338
DEC_2224,0.0
DEC_4244,-9.487
DEC_1384,-10.319
DEC_1401,-8.372
DEC_2543,-5.906
DEC_0867,-7.896
DEC_0176,-7.264
DEC_3787,-8.313
DEC_0043,-8.743
DEC_3901,-7.728
DEC_3557,-9.979
DEC_2389,-10.255
DEC_4012,-8.32
DEC_4018,-9.193
DEC_0556,-7.656
DEC_2683,-8.615
DEC_2002,-6.323
DEC_4218,-9.89
DEC_1564,-6.931
DEC_2512,-8.993
DEC_2650,0.0
DEC_0208,-5.508
DEC_0135,-7.876
DEC_3458,-6.344
DEC_3644,-8.486
DEC_1682,-9.596
DEC_2810,-40.312
DEC_1345,-8.194
DEC_3156,-9.707
DEC_1732,0.0
DEC_1340,-9.287
DEC_1719,-7.872
DEC_0583,-6.237
DEC_1646,-8.542
DEC_2992,-8.391
DEC_4390,-7.184
DEC_1156,-8.629
DEC_1111,-7.131
DEC_3423,0.0
DEC_4380,-7.716
DEC_0228,-8.969
DEC_3832,47.943
DEC_3953,-10.17
DEC_1104,-8.18
DEC_2135,-7.78
DEC_0640,-8.34
DEC_3097,0.0
DEC_3170,0.0
DEC_4122,-9.313
DEC_1639,-8.123
DEC_0239,-9.002
DEC_4288,-7.456
DEC_2027,0.0
DEC_3744,-8.619
DEC_4679,-8.008
DEC_4403,-7.325
DEC_4581,-8.272
DEC_3336,-8.771
DEC_2997,-9.756
DEC_3437,0.0
DEC_1539,23.182
DEC_1690,0.0
DEC_1408,-9.387
DEC_0410,-8.0
DEC_3255,-7.861
DEC_3784,-9.012
DEC_2586,-8.379
DEC_2830,0.974
DEC_3841,-10.506
DEC_1072,-8.359
DEC_0683,-8.21
DEC_2550,-40.381
DEC_0050,-7.624
DEC_0938,-7.556
DEC_4411,-7.704
DEC_2125,-9.565
DEC_4314,-6.56
DEC_2012,0.0
DEC_2984,0.0
DEC_4469,-8.938
DEC_0072,-9.193
DEC_2898,-10.482
DEC_0080,-7.192
DEC_0726,-6.983
DEC_3714,-9.983
DEC_3788,-8.291
DEC_1775,-9.273
DEC_3524,-7.7
DEC_4590,-9.567
DEC_0647,-7.715
DEC_2488,-10.265
DEC_1861,0.0
DEC_2749,-7.286
DEC_1804,0.0
DEC_2705,-6.845
DEC_3701,-8.254
DEC_3264,0.0
DEC_3763,-6.82
DEC_2137,-9.4
DEC_3623,-7.353
DEC_0082,-7.674
DEC_0447,-8.114
DEC_3821,-9.934
DEC_2284,-8.498
DEC_3289,-8.327
DEC_3609,-8.284
DEC_2592,-9.505
DEC_0888,-8.169
DEC_1313,-8.006
DEC_0177,-9.604
DEC_4374,-8.407
ACT_067,-9.686
DEC_0939,-9.35
DEC_1430,15.74
DEC_1485,-8.989
DEC_2504,-7.535
DEC_4426,-6.492
DEC_3957,-7.867
DEC_1500,-8.409
DEC_4127,-8.042
DEC_2170,0.0
DEC_3501,-6.641
DEC_3062,-8.53
DEC_2129,-10.243
DEC_3406,-8.104
DEC_0178,-6.976
DEC_1378,174.014
DEC_2045,0.0
DEC_0251,-8.672
DEC_2638,-9.016
DEC_4405,-7.542
DEC_4767,-8.297
DEC_1607,-7.691
DEC_2238,-7.445
DEC_0886,-8.785
DEC_1346,-8.517
DEC_2419,0.0
ACT_007,-10.391
DEC_3349,-7.903
DEC_1094,-8.09
DEC_0489,-7.503
DEC_0891,-9.287
DEC_2256,-8.135
DEC_2011,0.0
DEC_2489,98.699
ACT_068,-8.461
DEC_2096,-10.496
DEC_4644,-8.475
DEC_1948,0.0
DEC_4003,-9.175
DEC_4589,-7.178
DEC_1773,21.776
DEC_2452,-8.339
DEC_3668,-9.758
DEC_3940,-9.206
DEC_0877,-8.479
DEC_0096,-10.256
DEC_4517,-7.958
DEC_1134,-10.11
DEC_0874,-7.679
DEC_3944,-8.341
DEC_0356,-7.03
DEC_4213,-9.036
DEC_2062,0.0
DEC_3893,-8.41
DEC_4080,-8.874
DEC_0513,-8.187
DEC_0784,-7.745
DEC_3100,0.0
ACT_078,-9.194
DEC_0225,-8.159
DEC_4032,-7.795
DEC_2421,-9.416
DEC_1738,0.0
DEC_2911,-8.194
DEC_4092,-8.414
DEC_4384,-8.873
DEC_2752,-5.395
DEC_1836,-7.465
DEC_3054,0.0
DEC_0057,-7.354
DEC_2949,-8.89
DEC_0499,-7.018
DEC_1274,-7.303
DEC_4136,-10.299
DEC_2828,-10.261
DEC_3491,-7.793
DEC_1206,-7.904
DEC_4082,-10.179
DEC_0820,-7.499
DEC_3712,-9.264
DEC_3214,0.0
DEC_3982,-8.847
DEC_0866,-6.413
DEC_1432,-8.075
DEC_1957,0.0
DEC_1524,-9.494
DEC_0119,-7.865
DEC_3493,-8.873
DEC_0010,-5.478
DEC_3108,0.0
DEC_1748,0.0
DEC_0810,-9.543
DEC_3238,0.0
DEC_4766,-7.611
DEC_0504,-8.124
DEC_3398,-6.755
DEC_4315,-7.429
DEC_1018,-6.715
DEC_4507,-7.477
DEC_0244,-7.882
DEC_2917,-8.221
DEC_4250,-8.332
DEC_2014,0.0
DEC_2814,-68.208
DEC_4066,-7.816
DEC_4275,-7.531
DEC_1421,-9.5
DEC_4121,-8.866
DEC_2527,-8.535
DEC_0114,-6.69
DEC_3665,-7.99
DEC_4622,-8.314
DEC_4083,-9.803
DEC_0718,-8.828
DEC_0564,-8.205
DEC_1615,0.0
DEC_2061,-9.821
DEC_4101,-9.822
DEC_1465,-9.055
DEC_1055,-8.754
DEC_3059,-7.295
DEC_4595,-6.091
DEC_4527,-5.017
DEC_3973,-6.672
DEC_1407,-8.247
DEC_3110,0.0
DEC_1822,-10.135
DEC_1168,-8.095
DEC_4096,-8.866
DEC_4713,-5.448
DEC_0859,-7.987
DEC_3225,-84.463
DEC_1068,-7.947
DEC_4392,-7.768
DEC_1720,0.0
DEC_0873,-7.891
DEC_2848,-9.964
DEC_3562,-9.35
DEC_1393,-10.069
DEC_3647,-9.224
DEC_3803,-9.614
DEC_4296,-6.378
DEC_3295,0.0
DEC_0579,-8.232
DEC_3805,-9.109
DEC_3761,-8.589
DEC_0641,-8.614
DEC_0565,-7.184
DEC_0532,-7.485
DEC_1444,-10.616
DEC_4554,-8.905
DEC_3904,-8.058
DEC_3137,-7.874
DEC_1280,-8.291
DEC_3211,0.0
DEC_3057,-8.273
DEC_2965,0.0
DEC_2926,-9.453
DEC_2111,-9.367
DEC_3839,144.195
DEC_4545,-7.588
DEC_3651,-6.747
DEC_0217,-8.207
DEC_4269,-9.349
DEC_4473,-8.489
DEC_0828,-8.994
DEC_0687,38.154
DEC_1892,0.0
DEC_1300,-8.001
DEC_0778,-8.248
DEC_3256,-8.968
DEC_3252,-7.724
DEC_3477,-8.554
ACT_075,-8.878
DEC_3134,-8.296
DEC_1983,0.0
DEC_1635,-8.148
DEC_3851,-10.706
DEC_3819,2.647
DEC_0283,-9.633
DEC_2057,0.0
DEC_2708,-6.762
DEC_3043,-9.638
DEC_3254,0.0
DEC_4757,-8.736
DEC_0424,-8.867
DEC_3438,0.0
DEC_3384,0.0
DEC_1443,-9.454
DEC_2190,-7.232
DEC_4523,-8.901
DEC_3222,-8.283
DEC_2804,-72.766
DEC_2338,0.0
DEC_0429,-9.537
DEC_1506,-8.654
DEC_4378,-9.199
DEC_3899,-7.472
DEC_2588,-8.071
DEC_3454,-9.721
DEC_1333,-9.663
DEC_0480,-7.375
DEC_4618,-8.238
DEC_2287,0.0
DEC_0234,-9.274
DEC_3954,-9.358
DEC_0516,-9.598
DEC_2369,0.0
DEC_3284,0.0
DEC_2865,-8.295
DEC_0933,-9.203
DEC_1064,-7.941
DEC_1484,-5.138
DEC_2679,-8.221
DEC_2186,0.0
DEC_0288,-7.849
DEC_3303,-71.003
DEC_4613,-9.888
DEC_1271,-8.356
DEC_2552,-8.911
DEC_4097,-9.256
DEC_4167,-8.675
DEC_2349,-6.843
DEC_2681,0.0
DEC_1286,-6.959
DEC_1575,-8.702
DEC_1487,-8.661
DEC_3835,-9.279
DEC_1428,-10.246
DEC_1391,0.0
DEC_0551,-8.472
DEC_2398,-8.893
DEC_2042,0.0
DEC_3126,-8.038
DEC_4703,-8.743
DEC_1694,-9.179
DEC_2799,-8.032
DEC_0915,-9.287
DEC_4246,-9.115
DEC_0607,-5.28
DEC_2547,-7.475
DEC_4206,-8.318
DEC_0246,-9.265
DEC_2826,-7.627
DEC_1307,-7.22
DEC_0324,62.74
DEC_1746,0.0
DEC_0154,-5.659
DEC_4549,12.734
DEC_1954,0.0
DEC_1849,-6.88
DEC_4466,-8.404
DEC_1217,-6.592
DEC_0672,-8.164
DEC_2570,-9.506
DEC_2242,-9.802
DEC_1743,-7.109
DEC_0069,-8.342
DEC_3632,-8.642
DEC_3641,-7.061
DEC_2278,0.0
DEC_1796,12.608
DEC_1475,-10.911
DEC_1977,-10.071
DEC_2334,-6.589
DEC_3755,-8.697
DEC_3554,-7.317
DEC_4147,-9.642
DEC_0215,-7.605
DEC_1076,-9.553
DEC_4067,-6.612
DEC_0134,-7.157
DEC_0055,-8.831
DEC_3395,-7.689
DEC_1792,0.0
DEC_1172,-9.36
DEC_0204,-8.154
DEC_3287,-8.268
DEC_1342,-7.81
DEC_0131,-7.175
DEC_4343,-7.277
DEC_1026,-5.994
DEC_1141,-8.69
DEC_2487,42.34
DEC_3968,-7.627
DEC_4267,-7.486
DEC_0180,-6.456
DEC_1702,0.0
DEC_0519,-8.774
DEC_1195,-7.267
DEC_4773,-7.674
DEC_4436,-8.535
DEC_2459,-8.43
DEC_4327,-9.25
DEC_2534,-9.867
DEC_3449,-8.496
DEC_2690,-9.1
DEC_1739,0.0
DEC_3636,-43.134
DEC_3909,-5.796
DEC_2210,0.0
DEC_3218,0.0
DEC_1801,0.0
DEC_1924,-7.763
DEC_2473,-73.221
DEC_3066,-6.691
DEC_0626,-6.913
DEC_3567,-8.292
DEC_2585,-138.547
DEC_3010,0.0
DEC_4721,-6.721
DEC_0527,0.0
DEC_2368,0.0
DEC_0611,-8.324
DEC_0709,-9.778
DEC_0949,-8.437
DEC_0500,-7.637
DEC_0322,79.753
DEC_3479,-7.787
DEC_3436,0.0
DEC_2544,-8.338
DEC_2880,-8.828
DEC_1339,-7.503
DEC_1332,-8.487
DEC_3080,0.0
DEC_4572,-11.139
DEC_1989,0.0
DEC_3356,-9.324
DEC_0368,-8.08
DEC_4254,-7.691
DEC_1991,0.0
DEC_0213,-8.888
DEC_0589,-5.393
DEC_3092,0.0
DEC_1265,-8.675
DEC_3393,-6.958
DEC_4323,-8.517
DEC_3478,-8.053
DEC_1171,-8.903
DEC_3645,-9.178
DEC_0223,-9.861
DEC_2047,-9.019
DEC_3941,-7.327
DEC_2313,0.0
DEC_1685,0.0
DEC_0897,-8.499
DEC_0334,-8.646
DEC_1689,0.0
DEC_3935,-9.68
DEC_3399,-7.988
DEC_2725,-7.784
DEC_1785,0.0
DEC_2432,-9.335
DEC_0604,-5.275
DEC_1231,4.695
ACT_086,-9.909
DEC_1560,-8.241
DEC_3569,-77.711
DEC_3176,-9.67
DEC_1611,-7.869
DEC_2523,-8.406
DEC_4132,-9.61
DEC_1557,-8.079
DEC_2249,0.0
DEC_1659,0.0
DEC_2259,0.0
DEC_4033,-7.396
DEC_0219,-7.993
DEC_1784,-8.638
DEC_4483,-7.418
DEC_1687,0.0
DEC_0074,-9.604
DEC_2940,0.0
DEC_1527,-10.47
DEC_4427,-7.476
DEC_4693,-6.52
DEC_2637,-9.1
DEC_2189,0.0
DEC_1950,0.0
DEC_3626,-8.377
DEC_4105,-10.438
DEC_2082,-8.988
DEC_4363,-6.351
DEC_0430,-9.483
DEC_3590,-11.494
DEC_4748,-8.086
DEC_4607,-8.087
DEC_1938,-8.105
DEC_3184,-9.51
DEC_0392,-8.201
DEC_3528,-7.475
DEC_1086,-9.933
DEC_0947,-8.699
DEC_3031,-8.139
DEC_4199,-9.776
DEC_3539,-7.167
DEC_0766,-7.177
DEC_1135,-8.874
DEC_4746,-7.745
ACT_032,-10.025
DEC_0125,-6.63
DEC_2355,0.0
DEC_1519,-9.562
DEC_0804,-8.635
DEC_0087,-8.258
DEC_1164,-9.846
DEC_4439,-11.03
DEC_2059,0.0
DEC_4586,-7.913
DEC_2330,0.0
DEC_4562,-9.02
DEC_2678,-8.987
DEC_1061,-8.013
DEC_0355,-7.003
DEC_1661,0.0
DEC_4070,-7.923
DEC_0367,-7.408
DEC_1999,0.0
DEC_2993,-8.101
DEC_0783,-8.224
DEC_1019,-8.055
DEC_1597,-7.966
DEC_3910,-7.49
DEC_4212,-10.845
DEC_4173,-9.777
DEC_1637,-7.239
DEC_2612,-8.736
DEC_1715,-8.418
DEC_1015,-7.349
DEC_0235,-9.701
DEC_2661,-8.586
DEC_4407,-8.953
DEC_2431,0.0
DEC_2991,0.0
DEC_4320,-8.514
DEC_0538,-8.325
DEC_0116,-7.958
DEC_0248,-7.583
DEC_2343,-7.225
DEC_4321,-8.155
DEC_3082,0.0
DEC_4286,-8.605
DEC_2856,-9.76
DEC_1177,-8.139
DEC_1416,82.133
DEC_0545,-8.112
DEC_1297,-6.524
DEC_4207,-10.192
DEC_1620,-8.13
DEC_1441,-8.481
DEC_0782,-8.093
DEC_4476,-9.675
DEC_3852,-9.803
DEC_3813,-9.032
DEC_0026,-7.634
DEC_3663,-7.611
DEC_4166,-7.552
DEC_4593,-11.332
DEC_3848,-9.552
DEC_1542,-10.868
DEC_2593,-9.496
DEC_2220,-7.392
DEC_4551,-9.5
DEC_3965,-6.337
ACT_026,-10.77
DEC_1338,-7.668
DEC_1292,-8.362
DEC_3603,-10.114
DEC_3023,0.0
DEC_2779,-8.403
DEC_3866,-7.305
DEC_0639,-8.971
DEC_3719,-7.634
DEC_0996,-7.877
DEC_2741,-6.728
DEC_2595,-9.363
DEC_2395,0.0
DEC_0008,-7.979
DEC_2181,0.0
DEC_2533,-7.212
DEC_3747,-7.996
DEC_2414,0.0
DEC_2447,-9.8
DEC_3253,-8.14
DEC_3614,-8.676
DEC_2198,-7.775
DEC_1658,0.0
DEC_3207,0.0
DEC_0827,-6.899
DEC_2252,0.0
DEC_1042,-8.165
DEC_3024,-8.539
DEC_0371,-6.871
DEC_1406,0.0
DEC_3308,0.0
DEC_1335,-4.817
DEC_3536,-7.797
DEC_0819,-7.873
DEC_1876,0.0
DEC_4386,-8.53
DEC_0534,-7.705
DEC_4645,-9.587
DEC_1979,-10.321
DEC_2268,0.0
DEC_0325,61.043
DEC_4295,-9.982
DEC_1180,-8.387
DEC_2360,-8.085
DEC_3677,-8.472
DEC_4179,-7.772
DEC_2854,-7.617
DEC_1633,-9.065
DEC_2974,-8.601
DEC_2626,-9.163
DEC_1349,-8.255
DEC_3804,-9.454
DEC_4118,15.278
DEC_3952,-8.809
DEC_3948,-9.517
DEC_3305,0.0
DEC_2201,0.0
DEC_2303,0.0
DEC_0146,-7.225
DEC_4755,-9.336
DEC_3429,0.0
DEC_3226,0.0
DEC_1427,-8.18
DEC_2927,0.0
DEC_2950,-8.121
DEC_0296,-7.295
DEC_1669,0.0
DEC_3883,-7.618
DEC_0250,-8.916
DEC_4511,-8.741
DEC_3958,-8.072
DEC_0175,-8.598
DEC_1843,-9.962
DEC_2714,-7.012
DEC_0526,0.0
DEC_1434,-10.815
DEC_4733,-7.08
DEC_2625,-8.907
DEC_3329,-7.434
DEC_1649,0.0
DEC_1181,-7.988
DEC_0290,-8.802
DEC_4718,-6.864
DEC_1604,-6.995
DEC_4195,-9.919
DEC_1758,0.0
DEC_3290,-9.271
DEC_1289,-9.041
DEC_4249,-9.471
DEC_0836,-8.753
DEC_1750,0.0
DEC_1662,0.0
DEC_0781,-8.047
DEC_4719,-7.288
DEC_2159,-8.684
DEC_3050,-6.767
DEC_2567,-7.467
DEC_3769,-8.767
DEC_4515,-8.924
DEC_2775,-5.913
DEC_3149,0.0
DEC_3476,-6.875
DEC_1663,0.0
DEC_2380,0.0
DEC_1971,-9.511
DEC_4270,-8.018
DEC_4313,-8.896
DEC_2074,95.011
DEC_4241,-7.39
DEC_3540,-9.459
DEC_4410,-8.907
DEC_2817,23.466
DEC_2147,-9.913
DEC_3964,-7.538
DEC_2494,-10.089
DEC_2458,-130.721
DEC_1027,-6.129
DEC_0417,-7.714
DEC_0170,-7.811
DEC_0508,-6.714
DEC_4004,-10.297
DEC_1220,-6.858
DEC_0231,-9.135
DEC_0202,-7.565
DEC_3781,-8.836
DEC_2818,94.979
DEC_1909,0.0
DEC_0343,-31.28
DEC_2711,-6.575
DEC_4478,0.0
DEC_1546,-58.284
DEC_3371,-9.172
DEC_4629,-113.115
DEC_0150,-6.809
DEC_0028,-7.707
DEC_2536,-131.899
DEC_4700,-7.625
DEC_4261,-8.328
DEC_2036,-6.519
DEC_2599,-9.047
DEC_3109,0.0
DEC_2879,-7.995
DEC_0078,-8.065
DEC_4009,-8.548
DEC_0808,-8.042
DEC_1964,0.0
DEC_1752,0.0
DEC_4078,-7.467
DEC_2332,-8.491
DEC_2003,0.0
DEC_1383,-9.56
DEC_3087,0.0
DEC_4200,-8.151
DEC_1851,0.0
DEC_4769,-8.27
DEC_2955,0.0
DEC_4509,-8.364
DEC_4109,-8.745
DEC_1625,-7.364
DEC_2939,0.0
DEC_0420,-8.918
DEC_0115,-8.433
DEC_0987,-6.944
DEC_0614,-8.296
DEC_4464,-9.775
DEC_1227,-7.371
DEC_2312,0.0
DEC_0875,-8.891
DEC_3130,0.0
DEC_3845,-9.573
DEC_1368,-9.377
ACT_061,-9.336
DEC_0440,-5.849
DEC_3991,-9.336
DEC_2608,-7.835
DEC_0351,-10.75
DEC_0615,-9.868
DEC_3171,0.0
DEC_4104,-9.807
DEC_3499,-7.917
DEC_0433,-8.928
DEC_3858,0.0
DEC_3417,0.0
DEC_1036,-7.227
ACT_012,-6.412
DEC_2342,-7.228
DEC_3602,-10.991
DEC_0505,-8.175
DEC_3072,0.0
DEC_4397,-8.252
DEC_0855,-6.274
DEC_3231,-7.967
DEC_0785,-8.215
DEC_4732,-7.385
DEC_4461,-8.046
DEC_2171,0.0
DEC_3035,0.0
DEC_4255,-7.354
DEC_0182,-9.115
DEC_4381,-7.35
DEC_2213,0.0
DEC_3124,0.0
DEC_0416,-8.212
DEC_0898,-8.622
DEC_1267,-9.342
DEC_3123,-8.045
DEC_0108,-7.06
ACT_088,-10.381
DEC_2346,-7.44
DEC_4621,-7.787
DEC_2529,-7.907
DEC_0769,-5.172
DEC_2615,-8.539
DEC_4727,-7.428
DEC_3547,-8.074
DEC_3276,-10.085
DEC_3374,0.0
DEC_0401,-8.185
DEC_0678,-9.468
DEC_1031,-9.344
DEC_1531,-40.654
DEC_0149,-73.576
DEC_4084,-8.678
DEC_2542,-7.851
DEC_4002,-10.057
DEC_1405,32.102
DEC_4451,104.551
DEC_0307,45.53
DEC_1386,-9.474
DEC_4456,-8.689
DEC_0868,-8.683
DEC_1722,-7.42
DEC_1717,-7.187
DEC_0790,-8.92
DEC_1418,-9.616
DEC_3666,-8.097
DEC_0035,-5.678
DEC_1046,-7.927
DEC_3884,-7.699
DEC_2422,-9.24
DEC_1905,0.0
DEC_3315,0.0
DEC_0306,20.701
DEC_2583,-9.013
DEC_3843,-10.282
DEC_3768,-9.581
DEC_2877,-9.634
DEC_2941,0.0
DEC_2306,-6.745
DEC_4714,-7.273
DEC_4152,121.353
DEC_2753,-8.533
DEC_2944,0.0
DEC_2647,-7.334
DEC_1420,-8.531
DEC_1759,0.0
DEC_1492,-9.556
DEC_0456,-8.488
DEC_2102,0.0
DEC_3739,-7.774
DEC_0299,-8.817
DEC_0376,-7.058
DEC_1918,-8.535
DEC_1147,-8.978
DEC_0053,-9.225
DEC_0086,-8.386
DEC_0473,-7.445
DEC_0378,-6.969
DEC_3955,-7.437
DEC_2560,-9.513
DEC_3662,-8.064
DEC_2772,-7.309
DEC_1802,-7.593
DEC_3275,-8.179
DEC_2503,-7.513
DEC_0159,52.774
DEC_2553,-8.135
DEC_0807,-9.067
DEC_2399,-9.251
DEC_1244,-9.908
DEC_2200,0.0
DEC_3522,-9.935
DEC_2438,0.0
DEC_0003,0.0
DEC_1832,-8.975
DEC_0858,-6.55
DEC_4210,-10.497
DEC_4566,-9.705
DEC_1422,-9.311
DEC_2516,-7.261
DEC_3269,-9.834
DEC_1461,-7.805
DEC_2295,0.0
DEC_0974,-8.101
DEC_3979,-8.213
DEC_2968,-8.624
DEC_4139,-9.692
DEC_1410,-8.646
DEC_3936,-7.736
DEC_0407,-8.542
DEC_2098,0.0
DEC_4580,-115.839
ACT_058,-8.323
DEC_1517,-9.231
DEC_3139,-9.735
DEC_3595,-9.759
DEC_3584,-10.599
DEC_4385,-6.879
DEC_3680,-8.335
DEC_3365,-8.158
DEC_1528,-9.806
DEC_3754,-8.903
DEC_2867,-8.208
DEC_2671,-9.911
DEC_3424,0.0
DEC_0825,-8.736
DEC_2990,-7.898
DEC_0477,-6.771
DEC_0209,-9.833
DEC_1819,0.0
DEC_0372,-6.022
DEC_3195,-8.431
DEC_1288,-7.633
DEC_3466,-8.067
DEC_2958,-8.289
DEC_3594,-9.335
DEC_3204,-9.019
DEC_4627,-9.699
DEC_4408,-7.222
DEC_0953,-7.617
DEC_0574,-7.008
DEC_3302,0.0
DEC_1017,30.17
DEC_1956,0.0
DEC_4373,-7.254
DEC_1399,-10.2
DEC_4468,-9.416
DEC_2110,0.0
DEC_3122,-6.794
DEC_0442,-6.277
DEC_0723,-8.722
DEC_0620,-7.837
DEC_3865,-5.363
DEC_2962,0.0
DEC_4708,-7.852
DEC_4300,-8.347
DEC_0270,-8.159
DEC_0439,-6.108
DEC_2900,-8.591
DEC_1395,-8.587
DEC_2274,0.0
DEC_0037,-7.007
DEC_4758,-7.97
DEC_3131,-8.204
DEC_1166,-8.296
DEC_0062,-8.521
DEC_2548,-7.516
DEC_2471,56.167
DEC_3720,-9.949
DEC_0298,-9.246
DEC_4492,-8.644
DEC_0461,-7.889
DEC_3334,-8.262
DEC_4130,23.19
DEC_2601,-7.818
DEC_3044,-8.534
DEC_2853,-8.734
DEC_2995,0.0
DEC_2677,-8.91
DEC_0927,-10.65
DEC_2444,-8.928
DEC_0679,-9.211
DEC_2508,-8.975
DEC_0798,-9.007
DEC_1344,-9.444
DEC_3185,0.0
DEC_2387,-8.823
DEC_0843,-8.572
DEC_3173,0.0
DEC_3078,-6.053
DEC_1073,-9.209
DEC_4604,-9.395
DEC_3604,-9.878
DEC_3312,-6.943
DEC_1935,-8.632
DEC_2953,-10.294
DEC_2384,0.0
DEC_3776,-9.589
DEC_4312,-7.537
DEC_4120,-8.808
DEC_3088,0.0
DEC_2710,-6.58
DEC_3444,-8.514
DEC_4379,-8.924
ACT_034,-10.22
DEC_1025,-5.777
DEC_1522,-8.584
DEC_2597,-9.695
DEC_3300,0.0
ACT_090,-7.854
DEC_1110,-8.883
DEC_4393,-8.589
DEC_1112,-8.624
DEC_2255,0.0
DEC_1371,29.911
DEC_3809,-7.969
DEC_1463,-9.391
DEC_0872,-7.564
DEC_0337,-7.919
DEC_1880,-9.665
DEC_4282,-6.729
DEC_4729,-7.561
DEC_0716,-8.841
DEC_1138,-7.673
DEC_4752,-7.737
DEC_4576,33.573
DEC_0925,-9.419
DEC_2728,-7.024
DEC_4133,-8.452
DEC_2518,-7.798
DEC_1126,-10.397
DEC_2307,0.0
DEC_1316,-8.554
DEC_1710,-6.642
DEC_0203,-8.393
DEC_0548,-7.367
DEC_2139,0.0
DEC_2676,-9.166
DEC_1079,-10.78
DEC_3592,-10.393
DEC_4765,-8.628
DEC_3196,-9.415
DEC_3582,-11.418
ACT_039,-9.92
DEC_2632,-9.838
DEC_4226,2.279
DEC_1783,-10.294
DEC_0941,-8.021
DEC_2513,-9.347
DEC_4100,-129.907
DEC_0852,-9.055
DEC_0487,-7.53
DEC_2289,-9.875
DEC_3639,-8.468
DEC_1939,-10.727
DEC_0887,-9.055
DEC_2699,-48.802
DEC_2439,0.0
DEC_1467,-8.427
DEC_3467,-6.7
DEC_2397,-8.908
DEC_0224,-6.796
DEC_3972,-7.914
DEC_0597,-7.654
DEC_0638,-9.866
DEC_3147,0.0
DEC_2693,-8.828
DEC_4366,-7.867
DEC_1588,-6.988
DEC_4490,-9.375
DEC_0901,33.39
DEC_4308,-6.969
DEC_1665,0.0
DEC_1436,-6.589
DEC_1369,-9.62
DEC_1102,-8.781
DEC_0130,-7.367
DEC_3162,-9.286
DEC_1229,-8.76
DEC_0089,-7.555
DEC_3896,-7.994
DEC_3601,-10.952
DEC_1127,-11.288
DEC_2743,-8.447
DEC_0582,-9.15
DEC_1718,-34.595
DEC_3782,-8.779
DEC_4367,-6.49
DEC_2784,-8.982
DEC_2496,-9.41
DEC_3015,0.0
DEC_0304,12.796
DEC_1678,-9.415
DEC_0271,-9.568
DEC_2959,-7.542
DEC_0832,-6.576
DEC_1078,-6.65
DEC_3673,-7.807
DEC_2704,-7.112
DEC_2486,31.72
DEC_0862,-7.025
DEC_0181,-7.944
DEC_2430,0.0
DEC_0048,-7.213
DEC_2117,0.0
DEC_3474,-6.091
DEC_4301,-8.958
DEC_3011,0.0
DEC_3535,-8.128
DEC_2844,-9.192
DEC_2468,-8.111
DEC_1198,-7.749
DEC_1457,-4.302
DEC_4402,-8.415
DEC_3420,-8.648
DEC_2663,-8.111
DEC_3392,-7.611
DEC_1246,-9.502
DEC_3389,0.0
DEC_0229,-8.097
DEC_2562,-9.921
DEC_4761,-7.724
DEC_2738,-6.789
DEC_2453,0.0
DEC_1287,-6.782
DEC_4475,40.05
DEC_3102,0.0
DEC_1824,-8.787
DEC_0207,-7.728
DEC_0533,-7.435
DEC_4214,-8.03
DEC_4154,-7.043
DEC_1580,-9.252
DEC_0491,-6.487
DEC_2860,-7.689
ACT_063,-9.719
DEC_1772,0.0
DEC_3630,-8.313
DEC_2055,-9.723
DEC_0309,39.716
DEC_1704,0.0
DEC_3362,0.0
DEC_3481,-6.95
DEC_4217,-10.011
DEC_3463,-7.209
DEC_4010,-8.699
DEC_2318,-6.68
DEC_4446,-9.44
DEC_0418,-7.969
DEC_0052,-8.994
DEC_1929,0.0
DEC_0524,-8.606
DEC_2571,-10.362
DEC_3262,0.0
DEC_3146,-9.093
DEC_2619,-7.529
DEC_1482,-8.299
DEC_1462,-10.05
DEC_3224,0.0
DEC_3642,-8.892
DEC_2789,-8.732
DEC_1838,-8.136
DEC_2951,-9.08
DEC_4280,-7.821
DEC_0079,-7.803
DEC_1583,-9.36
DEC_3077,-9.048
DEC_3407,-7.753
DEC_0857,-8.297
DEC_1469,-8.794
DEC_2243,0.0
DEC_0879,-10.102
DEC_2757,-7.429
DEC_4573,-9.549
DEC_4653,-8.53
DEC_1219,-8.521
DEC_3871,-5.866
DEC_1766,0.0
DEC_1446,-10.508
DEC_4266,-7.48
DEC_3025,-8.196
DEC_2161,-8.094
DEC_1262,-9.387
DEC_1314,-8.022
DEC_1884,-8.508
DEC_2107,0.0
DEC_1730,0.0
DEC_0509,-9.695
DEC_3445,-7.766
DEC_4310,-7.248
DEC_2604,-7.606
DEC_2276,0.0
DEC_3983,-9.576
DEC_3331,0.0
DEC_4056,-7.139
DEC_4631,-10.036
DEC_1059,-8.388
ACT_011,-9.332
DEC_3261,0.0
DEC_0995,-8.025
DEC_1980,0.0
DEC_3127,-9.175
DEC_3727,-8.591
DEC_1293,-7.796
DEC_1600,-7.273
DEC_3400,0.0
DEC_3136,-8.453
DEC_4060,-8.658
DEC_1032,-8.989
DEC_0186,92.141
DEC_3996,-8.525
DEC_0460,-8.49
DEC_3502,-8.464
DEC_2957,0.0
DEC_1982,0.0
DEC_2356,0.0
DEC_3676,-9.054
DEC_0681,-9.451
DEC_4341,-7.662
DEC_0493,-7.258
DEC_2158,0.0
DEC_1771,0.0
DEC_0899,-7.641
DEC_1835,0.0
DEC_1877,0.0
DEC_3320,-6.939
DEC_1602,-7.056
DEC_1020,-8.064
DEC_2790,-19.984
DEC_1985,0.0
DEC_1096,-6.888
DEC_2836,-10.465
DEC_3721,-8.65
DEC_3912,-8.428
DEC_0531,-7.794
DEC_3309,-8.211
DEC_2554,-140.536
DEC_0382,0.0
DEC_4190,-8.186
DEC_1791,-9.414
DEC_0365,-6.709
DEC_4289,-5.944
DEC_3347,0.0
DEC_0821,-7.782
DEC_0282,43.166
DEC_1572,-7.692
DEC_2163,-6.704
ACT_057,-9.18
DEC_2157,0.0
DEC_1173,-8.725
DEC_0549,-7.518
DEC_2808,-44.048
DEC_0881,-8.188
DEC_4302,-9.13
DEC_2394,-8.079
DEC_2481,5.079
DEC_4524,-8.338
DEC_0019,-5.914
DEC_0398,-7.186
DEC_1886,0.0
DEC_2761,-5.246
DEC_3508,-7.305
DEC_1695,0.0
DEC_1080,-7.095
DEC_3700,-8.267
DEC_0437,-9.304
DEC_4271,-8.788
DEC_0994,-7.706
DEC_0734,-7.446
DEC_0112,-7.449
DEC_4744,-8.233
DEC_1711,-6.747
DEC_2462,-8.915
DEC_4291,-7.937
DEC_2999,0.0
DEC_2451,99.648
DEC_1382,-9.621
DEC_4277,-7.602
DEC_0669,-8.028
DEC_4614,-8.584
DEC_1593,-7.18
DEC_1793,-9.567
DEC_2123,-8.217
DEC_3461,-7.262
DEC_2594,-10.411
DEC_4636,76.069
DEC_3279,0.0
DEC_2008,0.0
DEC_3443,0.0
DEC_1556,-8.879
DEC_3065,0.0
DEC_3874,-8.454
DEC_4628,-8.588
DEC_1225,-7.911
DEC_0934,-7.039
DEC_1189,-6.973
DEC_0261,-7.947
DEC_1763,0.0
DEC_0051,-6.031
DEC_4778,-6.851
DEC_3016,-9.809
DEC_3233,0.0
DEC_1541,-10.425
DEC_3772,68.057
DEC_2614,55.373
DEC_1081,-10.993
DEC_1930,-7.348
DEC_2742,-8.076
DEC_1587,-9.226
DEC_1251,-9.484
DEC_3998,-8.87
DEC_3414,-8.618
DEC_0329,0.211
DEC_2645,-7.95
DEC_1216,-10.054
DEC_1266,-7.459
DEC_1573,-7.801
DEC_4338,-6.982
DEC_1826,-6.855
DEC_0274,-7.785
DEC_4273,-10.024
DEC_1915,0.0
DEC_3236,-8.544
DEC_2501,-8.413
DEC_4188,-9.91
DEC_2298,-8.878
DEC_0644,-9.374
DEC_1040,-22.317
DEC_3653,-8.661
DEC_1712,0.0
DEC_2569,-10.574
DEC_2026,0.0
DEC_1828,-7.362
DEC_0618,-8.923
DEC_2998,-7.212
DEC_3026,-8.657
DEC_0065,-9.274
DEC_4025,-9.843
DEC_1004,-9.524
DEC_3265,0.0
DEC_4230,-8.048
DEC_3033,0.0
ACT_085,-9.679
DEC_3795,-9.049
DEC_4654,-7.807
DEC_2257,-7.823
DEC_3425,-9.129
DEC_3325,0.0
DEC_2662,-7.73
DEC_3840,-12.976
DEC_4189,-9.913
DEC_0275,-6.901
DEC_0006,-9.276
DEC_0926,-9.815
DEC_2373,-9.136
DEC_1221,-7.95
DEC_2909,-9.935
DEC_3440,0.0
DEC_4419,-7.634
DEC_0559,-8.202
DEC_3487,-8.65
DEC_3946,-8.774
DEC_4000,-9.114
DEC_2131,0.0
DEC_3198,-8.842
DEC_2392,0.0
DEC_3740,-7.963
DEC_0919,31.168
DEC_3498,-8.45
DEC_2265,0.0
DEC_4730,-7.575
DEC_1260,-8.502
DEC_0389,-8.109
DEC_4712,-7.512
DEC_1066,-9.917
DEC_2077,-7.882
DEC_1121,-8.647
DEC_1742,-168.148
DEC_0841,-8.017
DEC_4297,-7.571
DEC_1521,-9.157
DEC_4039,-7.526
DEC_1813,0.0
DEC_0484,-8.04
DEC_3620,-8.395
DEC_2217,0.0
DEC_2261,-7.568
DEC_1797,0.0
DEC_0168,-7.736
DEC_2286,-7.377
DEC_3750,-15.641
DEC_4048,-6.65
DEC_3247,-8.755
ACT_022,-8.142
DEC_1183,-8.531
DEC_0515,4.829
DEC_1324,-8.083
DEC_1865,0.0
DEC_1187,-7.378
DEC_0566,-5.405
DEC_2068,-9.637
DEC_4694,-7.29
DEC_1603,-7.469
DEC_0713,-9.367
DEC_0394,0.0
DEC_2402,0.0
DEC_3413,0.0
DEC_2336,0.0
DEC_3527,-8.477
DEC_3591,-8.125
DEC_4637,-8.947
DEC_1749,0.0
DEC_3310,76.913
DEC_0871,-8.526
DEC_1934,0.0
DEC_0598,-7.393
DEC_4334,-8.309
DEC_1123,-10.178
DEC_1143,-9.283
DEC_0340,-10.072
DEC_0507,-9.289
DEC_3929,-9.091
DEC_3183,-7.699
DEC_0436,-8.264
DEC_0835,-5.402
DEC_3814,-9.18
DEC_1969,-8.859
DEC_0321,-8.963
DEC_1411,-8.998
DEC_2692,-7.821
DEC_3509,-8.725
DEC_3822,22.761
DEC_3746,-9.265
DEC_2230,-7.124
DEC_0001,-8.865
DEC_0741,-8.009
DEC_3922,-9.273
DEC_4191,-9.526
DEC_2294,0.0
DEC_0347,-9.829
DEC_0273,-8.333
DEC_2148,-10.139
DEC_0937,-8.853
DEC_0016,-7.12
DEC_2377,0.0
DEC_4406,-9.069
DEC_2857,-6.585
DEC_1764,0.0
DEC_2327,-7.737
DEC_1491,-9.965
DEC_0724,-9.962
DEC_2219,0.0
DEC_2166,-7.581
DEC_3867,-8.753
DEC_1673,-9.22
DEC_4559,-8.974
DEC_1417,-9.239
DEC_0880,-4.899
DEC_4698,-5.932
DEC_1478,-7.816
DEC_0889,-8.691
DEC_1789,-10.2
DEC_4662,-7.351
DEC_2412,0.0
DEC_2120,0.0
DEC_3618,-9.333
DEC_2783,-9.112
DEC_2610,-8.31
DEC_3386,-8.002
DEC_2717,-8.554
DEC_4324,-8.109
DEC_2924,-9.773
DEC_2409,0.0
DEC_1894,0.0
DEC_4229,-10.445
DEC_1716,0.0
DEC_2311,0.0
DEC_0663,-8.337
DEC_0042,-7.952
DEC_3572,24.279
DEC_3921,-9.22
DEC_3801,-10.281
DEC_1869,-8.891
DEC_4447,-8.979
DEC_4413,-7.572
DEC_1878,0.0
DEC_4624,-7.59
DEC_1466,-50.062
ACT_084,-7.445
DEC_2164,0.0
DEC_2191,0.0
DEC_2689,-10.023
DEC_2017,-6.959
DEC_2807,49.091
DEC_1638,-7.397
DEC_3895,-8.164
DEC_1390,-10.79
DEC_2563,-10.657
DEC_4303,-8.911
DEC_0136,-8.177
DEC_2656,-9.681
DEC_4532,-8.143
DEC_4287,-9.152
DEC_1898,0.0
DEC_3593,-10.215
DEC_2185,-7.404
DEC_0610,-8.765
DEC_1912,0.0
DEC_2541,-5.708
DEC_2099,-11.367
DEC_3469,-7.625
DEC_3709,-8.827
DEC_3861,-7.905
DEC_2113,0.0
DEC_1343,-7.746
DEC_3468,-6.839
DEC_1154,-7.924
DEC_3667,-9.455
DEC_2868,-8.701
DEC_3452,-8.81
DEC_0765,-8.911
DEC_3916,-7.212
DEC_4248,-9.067
DEC_0004,-8.624
DEC_2696,-7.581
DEC_4477,-8.866
DEC_0465,-7.189
DEC_2936,0.0
DEC_4680,-8.583
DEC_2745,-9.005
DEC_0237,-7.983
DEC_4603,-8.597
DEC_2371,-9.486
DEC_0735,-7.711
DEC_1890,0.0
DEC_0523,-8.593
DEC_1525,-9.312
DEC_3150,0.0
DEC_2975,0.0
DEC_2456,-9.672
DEC_0111,-7.663
DEC_4400,-7.372
DEC_2449,-8.098
DEC_1242,-10.871
DEC_4659,-7.289
DEC_1275,-8.764
DEC_2922,-9.984
DEC_2000,0.0
DEC_4544,-9.768
DEC_1686,0.0
DEC_0838,-7.36
DEC_3780,-7.447
DEC_0935,-7.715
DEC_1855,0.0
DEC_1149,-7.947
DEC_0067,-7.886
DEC_1534,-9.041
DEC_4710,-6.246
DEC_0155,-8.857
DEC_0230,-9.909
DEC_0463,-8.255
DEC_1737,-8.585
DEC_2767,0.0
DEC_0327,-170.652
DEC_0059,-8.384
DEC_3753,-7.443
DEC_0571,-1.945
DEC_1967,-7.757
DEC_3354,-7.127
DEC_2180,-7.169
DEC_4215,-9.82
DEC_2665,-9.386
DEC_2578,-8.24
DEC_3625,-7.823
DEC_1634,0.0
DEC_2582,-8.957
DEC_4339,-7.398
DEC_2032,-7.598
DEC_4292,-7.812
DEC_1389,-10.203
DEC_3683,-10.096
DEC_1012,-7.851
DEC_3412,-8.429
DEC_0588,-6.076
DEC_0123,-10.191
DEC_3128,-9.157
DEC_0121,-8.594
DEC_0946,-9.491
DEC_3729,-8.67
DEC_4616,-9.594
DEC_3213,0.0
DEC_2654,-79.789
DEC_3086,0.0
DEC_0138,-7.809
DEC_4538,-8.472
DEC_3471,-7.62
DEC_2136,0.0
DEC_1698,0.0
DEC_3900,-6.534
DEC_1707,0.0
DEC_3333,0.0
DEC_3095,0.0
DEC_2347,-7.499
DEC_2782,-6.862
ACT_049,-8.896
DEC_3808,-9.593
DEC_3017,0.0
DEC_0061,-6.974
DEC_3091,0.0
DEC_3342,-7.267
DEC_1595,-7.958
DEC_0411,-8.332
DEC_3307,0.0
DEC_3717,-9.103
DEC_2611,-7.823
DEC_3240,-8.998
DEC_3299,0.0
DEC_0427,-6.993
DEC_1653,0.0
DEC_1152,-7.437
DEC_3038,0.0
DEC_1795,0.0
DEC_1136,-9.6
DEC_4676,-7.976
DEC_0561,-5.493
DEC_2520,-7.696
DEC_2652,0.853
DEC_2126,-8.286
DEC_1821,-8.186
DEC_2241,-8.98
DEC_0535,-7.857
DEC_3504,-7.403
DEC_2150,0.0
DEC_1860,0.0
DEC_3870,-6.081
DEC_4171,53.412
DEC_2172,0.0
DEC_1926,-10.07
DEC_2024,-9.503
DEC_3587,-8.392
DEC_3789,-7.993
DEC_1204,-7.368
DEC_3553,-7.643
DEC_3396,0.0
DEC_4036,-7.459
DEC_3526,-7.557
DEC_2500,-7.099
DEC_4252,-8.007
DEC_3707,-7.266
DEC_0993,-7.551
DEC_3640,-8.686
DEC_0895,-7.907
DEC_1942,0.0
DEC_0312,-9.452
DEC_3706,-7.999
DEC_4144,-8.683
DEC_1341,-7.029
DEC_1693,0.0
DEC_3383,0.0
DEC_0774,-8.058
ACT_046,-9.093
DEC_1109,-8.785
DEC_1899,0.0
DEC_3174,0.0
DEC_3950,-9.574
DEC_3046,0.0
DEC_1493,-8.362
DEC_3296,-100.02
DEC_3631,-9.612
DEC_0497,-6.975
DEC_3793,-75.036
DEC_4709,-7.116
DEC_0279,0.0
DEC_0101,-8.645
DEC_1108,-8.989
DEC_1532,-9.106
DEC_4601,-7.821
DEC_2443,-9.323
DEC_1825,0.0
DEC_0666,-7.856
DEC_2646,-10.568
DEC_4123,-9.704
DEC_2225,-7.837
DEC_0595,-10.719
DEC_1291,-7.651
DEC_3777,-8.863
DEC_4088,-10.636
DEC_1651,0.0
DEC_3523,-7.517
DEC_4435,-7.442
DEC_3710,-8.882
DEC_2540,-8.802
DEC_3422,0.0
DEC_1622,-9.437
DEC_2251,0.0
DEC_2390,0.0
ACT_004,-8.222
DEC_3227,0.0
DEC_2366,-8.515
DEC_1326,-8.829
DEC_3006,0.0
DEC_3345,0.0
DEC_1472,-9.238
DEC_0943,-8.82
DEC_2323,-8.345
DEC_3197,-9.398
DEC_2573,-10.233
DEC_3246,0.0
DEC_2434,0.0
DEC_4055,-7.349
DEC_2361,-8.36
DEC_0921,-9.236
DEC_2472,-7.437
DEC_2605,-8.509
DEC_0474,-6.197
DEC_3434,0.0
DEC_2884,-8.807
DEC_1515,-11.112
DEC_4311,-7.918
DEC_4160,-10.066
ACT_014,-9.802
DEC_3473,-8.724
DEC_0264,-9.121
DEC_1987,0.0
DEC_1458,-9.126
DEC_3056,0.0
DEC_0848,-100.277
DEC_4090,-8.802
DEC_3475,-7.504
DEC_4516,-9.16
DEC_2732,-5.895
DEC_3460,-8.521
DEC_0789,-7.455
DEC_0214,-7.89
DEC_2075,-8.684
DEC_1363,-10.188
DEC_2040,0.0
DEC_0845,-8.241
DEC_0127,-13.421
DEC_2613,-52.457
DEC_4737,-7.526
DEC_3175,-9.73
DEC_4074,-5.102
DEC_2777,-10.501
DEC_2187,-8.014
DEC_0469,-6.907
DEC_2183,-7.1
DEC_2590,-10.459
DEC_3165,0.0
DEC_1483,-8.46
DEC_0094,-7.714
DEC_1727,-9.141
DEC_1765,0.0
DEC_2401,-8.591
DEC_2765,-5.083
DEC_3671,-8.977
DEC_1535,-9.547
DEC_1723,-7.915
DEC_3756,-10.3
DEC_0218,-7.26
DEC_3034,0.0
DEC_0786,-8.547
DEC_1205,-7.531
DEC_4657,-7.601
DEC_1933,0.0
DEC_3273,-7.329
DEC_2622,-8.376
DEC_1370,-69.908
DEC_0104,-7.216
DEC_3278,0.0
DEC_1351,-8.102
DEC_1232,-9.165
DEC_1840,0.0
DEC_1167,-9.367
DEC_4539,-9.361
DEC_2798,-8.92
DEC_0743,-8.423
DEC_1945,-9.135
DEC_1621,0.0
DEC_2832,-8.489
DEC_0227,-9.417
DEC_2888,-8.683
DEC_2426,-7.711
DEC_0243,-8.111
DEC_0945,-7.769
DEC_3421,0.0
DEC_1114,-8.411
DEC_2925,0.0
DEC_0196,-6.897
DEC_4370,-7.058
DEC_1122,-8.701
DEC_0517,-8.766
DEC_4632,-9.306
ACT_080,-8.933
DEC_3404,0.0
DEC_4420,-7.493
DEC_3520,-7.953
DEC_4639,-8.481
DEC_2046,0.0
DEC_0972,-8.431
DEC_2633,-113.813
ACT_030,-9.338
DEC_0262,-9.362
DEC_2167,0.0
DEC_4569,-7.235
DEC_0657,-7.954
DEC_0317,123.03
DEC_1958,0.0
DEC_4634,-8.784
DEC_4041,-7.639
DEC_2063,0.0
DEC_1568,-9.251
DEC_2709,-6.502
DEC_1626,-7.704
DEC_2209,0.0
DEC_2132,0.0
DEC_4749,-7.815
DEC_4661,-9.496
DEC_0777,-6.553
DEC_0846,-8.005
DEC_4740,-8.048
DEC_1001,-8.972
DEC_0749,-7.226
DEC_2353,0.0
DEC_4444,-7.86
ACT_065,-8.037
DEC_4234,-7.164
DEC_2379,0.0
DEC_4351,-6.947
DEC_3490,-7.514
DEC_1193,-8.67
DEC_2235,-8.771
DEC_2928,0.0
DEC_1902,0.0
DEC_0464,-7.112
DEC_2760,-5.662
DEC_0986,-7.717
DEC_4529,-6.774
DEC_4045,-8.019
DEC_1647,-8.159
DEC_4305,-7.669
DEC_0501,-6.433
DEC_0720,-10.197
DEC_3655,-8.98
ACT_077,-8.54
DEC_0495,-7.27
DEC_2491,-9.92
DEC_3646,-8.661
DEC_2358,0.0
DEC_0973,-7.906
DEC_3143,-8.333
DEC_2076,-10.384
DEC_1856,0.0
DEC_2474,-7.847
DEC_1574,-8.059
DEC_2037,-5.892
DEC_2492,-8.977
DEC_4183,0.0
DEC_3335,-8.783
DEC_0572,-8.155
DEC_0226,-8.264
DEC_1917,0.0
DEC_0883,-9.044
DEC_3208,0.0
DEC_1827,0.0
DEC_0457,-6.908
DEC_0462,-7.042
DEC_1423,0.0
DEC_0557,-7.288
DEC_4061,-9.381
DEC_0366,-6.388
DEC_1190,-8.128
DEC_4251,-8.14
DEC_4020,-8.09
DEC_3806,94.197
DEC_0311,23.544
DEC_0369,-7.288
DEC_2470,-34.605
DEC_0400,-6.102
DEC_4342,-8.098
DEC_0380,-8.381
DEC_1684,-8.141
DEC_2331,0.0
DEC_1456,-8.393
DEC_1169,-8.45
DEC_3887,-6.905
DEC_4453,61.978
DEC_3366,-7.783
DEC_2237,0.0
DEC_3628,-9.323
DEC_2073,0.0
DEC_3099,-7.078
ACT_018,0.0
DEC_3005,0.0
DEC_1249,-10.397
DEC_0381,0.0
DEC_3186,0.0
DEC_1652,0.0
DEC_3844,-9.209
DEC_3879,-7.788
DEC_3230,-7.745
DEC_1263,-8.84
DEC_1837,0.0
DEC_0665,-9.213
DEC_0021,-9.267
DEC_4329,-8.614
DEC_0315,120.948
DEC_0703,-8.394
DEC_4409,-7.451
DEC_3531,-7.377
DEC_0518,-8.013
DEC_1947,0.0
DEC_3690,-7.799
DEC_4584,-8.545
DEC_1404,-144.193
DEC_4770,-9.034
DEC_1049,-8.259
DEC_3576,-11.726
DEC_4294,-9.409
DEC_1459,-9.36
DEC_1470,-8.133
DEC_1937,-10.671
DEC_0796,-9.673
DEC_2680,-9.381
DEC_3199,-8.799
DEC_0397,-6.141
DEC_0707,-8.821
DEC_0344,-9.85
DEC_3726,-8.803
DEC_3268,0.0
DEC_3370,0.0
DEC_2803,-126.256
DEC_3432,-9.081
DEC_0695,-8.028
DEC_0673,-8.787
DEC_1460,-9.12
DEC_3235,0.0
DEC_3775,0.0
DEC_1891,0.0
DEC_3773,-8.803
DEC_4578,-31.645
DEC_0984,-6.551
DEC_4611,-8.106
DEC_1656,0.0
DEC_3877,-7.861
DEC_2182,0.0
DEC_1850,0.0
DEC_4112,-94.833
DEC_0481,-7.301
DEC_2607,-7.284
DEC_0158,53.525
DEC_0453,-7.924
DEC_1776,-10.444
DEC_0383,0.0
DEC_0482,-8.475
ACT_059,-10.344
DEC_1705,0.0
DEC_1786,-10.184
DEC_4438,-9.629
DEC_0073,-9.396
DEC_2670,-9.485
DEC_0425,-6.801
DEC_1741,-7.696
DEC_1931,0.0
DEC_0892,67.746
DEC_3599,-10.443
DEC_4140,-7.22
DEC_3489,-7.304
DEC_2960,0.0
DEC_3169,-9.406
DEC_2454,-9.11
DEC_1548,-9.338
DEC_4318,-10.841
DEC_1636,-7.812
DEC_3367,0.0
DEC_4223,13.324
DEC_2072,-8.841
DEC_1253,-7.656
DEC_4404,-8.156
DEC_3794,-11.349
DEC_0952,-8.469
DEC_0931,-7.354
DEC_4264,-8.362
DEC_0467,-7.154
DEC_3882,-7.23
DEC_0602,-6.27
DEC_4734,-5.786
DEC_4548,72.979
DEC_1874,0.0
DEC_0375,-7.111
DEC_1862,0.0
DEC_2420,-9.992
DEC_2874,-7.901
DEC_0817,-10.002
DEC_0060,-8.43
DEC_3903,-9.045
DEC_2556,-9.3
ACT_005,-8.835
DEC_4245,-7.967
DEC_4319,-9.056
DEC_1224,-8.017
DEC_2964,0.0
DEC_4670,-8.159
DEC_1530,-9.746
DEC_4646,-9.984
DEC_2345,-7.423
DEC_0772,-8.654
DEC_4059,-7.525
DEC_1364,-10.248
DEC_4001,-9.195
DEC_2058,-9.237
ACT_027,-10.933
DEC_3617,-7.635
DEC_1196,-7.49
DEC_3462,-7.851
DEC_2305,0.0
DEC_0814,-8.509
DEC_2687,-7.932
DEC_2086,-10.389
DEC_4299,-8.899
DEC_0839,-7.496
ACT_095,-8.534
DEC_4433,59.837
DEC_1960,-9.683
DEC_4235,-8.027
DEC_3735,-8.187
DEC_3027,0.0
DEC_3053,-7.374
DEC_0421,-9.446
DEC_3359,0.0
DEC_1211,-7.562
DEC_1153,-7.874
DEC_0799,-9.413
DEC_0286,-7.688
DEC_0645,-8.368
DEC_3943,-9.727
DEC_4075,-8.136
DEC_1034,-7.054
DEC_1697,0.0
DEC_2866,-8.236
DEC_3172,-8.837
DEC_3410,-7.614
DEC_2053,-9.716
DEC_4316,-9.342
DEC_4499,-8.784
DEC_1921,0.0
DEC_4775,-7.978
DEC_2070,0.0
DEC_1071,-9.982
DEC_3659,-7.661
DEC_3142,0.0
DEC_3990,-7.427
DEC_1642,0.0
DEC_2478,15.304
DEC_4547,-8.606
DEC_1629,-8.196
DEC_0443,-7.809
DEC_2094,-8.998
DEC_3187,-9.184
DEC_2485,-7.621
DEC_0163,-7.298
DEC_1777,-9.916
DEC_0359,-6.212
DEC_2557,-9.77
DEC_1700,-7.655
DEC_4463,-8.396
DEC_2112,-7.57
DEC_3009,0.0
DEC_3687,-6.888
DEC_1239,-8.996
DEC_1906,0.0
DEC_4276,-8.582
DEC_1302,-7.161
DEC_0485,-7.978
DEC_2088,-8.774
DEC_1617,0.0
DEC_2811,108.765
DEC_2933,-9.695
DEC_1233,-8.956
DEC_2889,-10.044
DEC_3615,-8.304
DEC_2178,0.0
DEC_3014,0.0
DEC_0728,-8.357
DEC_1808,0.0
DEC_0554,-7.495
DEC_2271,0.0
DEC_1767,0.0
DEC_0276,-7.752
DEC_0470,-7.062
DEC_1476,-8.342
DEC_4630,-8.987
DEC_2863,-8.349
DEC_2302,0.0
DEC_4423,-6.724
DEC_0546,-6.826
DEC_3001,0.0
DEC_0923,-9.662
DEC_4293,-7.86
DEC_3664,-9.255
DEC_0256,78.751
DEC_2067,0.0
DEC_2718,-7.965
DEC_2841,-7.027
DEC_0693,-8.232
DEC_3013,0.0
DEC_0660,-8.469
DEC_0738,-8.164
DEC_2658,-8.66
DEC_1664,0.0
DEC_1174,-8.058
DEC_2177,0.0
DEC_2688,-8.601
DEC_3363,0.0
DEC_1208,-8.335
ACT_054,0.0
DEC_2179,-7.225
DEC_4728,-6.321
DEC_3580,-10.48
DEC_1706,0.0
DEC_3337,-8.288
DEC_4365,-8.688
DEC_1529,-10.171
DEC_4498,-8.991
DEC_0118,3.745
DEC_4040,-8.863
DEC_1806,0.0
DEC_1692,-9.267
DEC_0668,-9.237
DEC_0145,-7.206
DEC_0161,0.27
DEC_3357,-8.663
DEC_4738,-7.42
DEC_0613,-7.002
DEC_4368,-9.059
DEC_0740,-8.448
DEC_1044,-7.83
DEC_1729,0.0
DEC_1907,0.0
DEC_2154,0.0
DEC_0105,-7.173
DEC_0813,-10.133
