compound_id,molecule_chembl_id,std_smiles,pchembl_value,standard_type,MW,LogP,HBD,HBA,RotBonds,TPSA,NumHeavyAtoms,NetCharge
ACT_001,CHEMBL3986275,COC(c1ccc(Cl)cc1)C1CCN(S(=O)(=O)c2c(C)n[nH]c2C)CC1,7.1,IC50,397.9280000000002,3.468340000000002,1,4,5,75.28999999999999,26,0
ACT_002,CHEMBL3407845,CC(C)C[C@H](NC(=O)[C@H](CCCCN)NC(=O)[C@H](CO)NC(=O)[C@H](CC(C)C)NC(=O)[C@H](CO)NC(=O)[C@@H](N)CO)C(=O)O,5.12,EC50,633.7440000000001,-3.9796000000000022,11,11,22,295.53000000000003,44,0
ACT_003,CHEMBL4559340,OCCN(CCO)CCCN1c2ccccc2Sc2ccc(C(F)(F)F)cc21,5.5,IC50,412.4770000000001,3.9848000000000026,2,5,8,46.940000000000005,28,0
ACT_004,CHEMBL5187655,Nc1nc(=O)n([C@H]2C[C@H](O)[C@@H](CO)O2)cc1CNC[C@H]1O[C@@H](n2cnc3c(N)ncnc32)[C@H](O)[C@@H]1O,5.96,IC50,505.4920000000002,-3.402899999999995,7,14,7,241.94,36,0
ACT_005,CHEMBL4762222,O=C(CNC(=O)Nc1ccc(Br)cc1)Nc1cccnc1,6.14,EC50,349.18800000000005,2.604300000000001,3,3,4,83.12,21,0
ACT_006,CHEMBL6049888,CCCOc1c(OC)ccc(-c2cccc(C3=CB(O)OC3)c2)c1C#N,8.09,IC50,349.1950000000001,3.455980000000001,1,5,6,71.71000000000001,26,0
ACT_007,CHEMBL3939988,C[C@H](Oc1cc(C(N)=O)nc(-c2ccc(Oc3ccc(OC(F)(F)F)cc3)cc2)n1)C(N)=O,6.8,IC50,462.3840000000001,3.186000000000001,2,7,8,139.65,33,0
ACT_008,CHEMBL3727975,O=C(NCCCCN1CCCC1)[C@H]1[C@H](C(=O)NCCC2=CCCCC2)[C@@H]2C=C[C@H]1C21CC1,5.76,EC50,439.64400000000035,3.8137000000000025,2,3,10,61.440000000000005,32,0
ACT_009,CHEMBL5286263,C[C@H]1CN(C)CCN1c1cc(NC(=O)Cn2cc(-c3cc(C(N)=O)c(O)c(Cl)c3F)c3c(=O)n(C)cnc32)c(Cl)cn1,6.33,Kd,617.469,2.8264000000000005,3,8,6,151.61,42,0
ACT_010,CHEMBL4436717,CCC[C@H](O)c1c(/C=C/[C@@H](O)[C@@H](O)CCCC(=O)OC)nc(C)n1C,9.05,IC50,354.44700000000006,1.64032,3,6,10,104.81,25,0
ACT_011,CHEMBL3671835,Cc1ncc(C(=O)NC23CCCC(NC(=O)c4cccc(Cl)c4)(CC2)C3)s1,7.58,IC50,403.9350000000002,4.110120000000003,2,4,4,71.09,27,0
ACT_012,CHEMBL1331148,NCCCCCCCCCCNS(=O)(=O)c1cccc2c(Cl)cccc12,6.33,IC50,396.9840000000001,4.851000000000004,2,3,12,72.19,26,0
ACT_013,CHEMBL5850741,COc1cc(F)c([C@@H]2CC(=O)NC[C@H]2NC(=O)Nc2cc(C)ns2)c(F)c1,6.3,EC50,396.4190000000001,2.532120000000001,3,5,4,92.35000000000001,27,0
ACT_014,CHEMBL249338,CCc1nc2ccccc2n1[C@@H]1CCN(C(=O)c2cc3cc(F)ccc3[nH]2)C1,5.83,EC50,376.43500000000006,4.306300000000004,1,2,3,53.92,28,0
ACT_015,CHEMBL4755656,CC(=O)c1coc(Cn2ccc(NC(=O)c3ncoc3-c3ccccc3)n2)n1,8.0,EC50,377.3600000000001,3.0293,1,7,6,116.05000000000001,28,0
ACT_016,CHEMBL6032931,Nc1nc(N)c(CC(=O)Nc2cnc(C(=O)N[C@@H](CCC(=O)O)C(=O)O)c(C(F)(F)F)c2)c(=O)[nH]1,5.96,IC50,501.37800000000027,-0.42290000000000066,7,9,9,243.47999999999996,35,0
ACT_017,CHEMBL6024012,O=C(Nc1ccc(C(F)(F)F)cn1)N[C@@H]1CCCN(c2ccc(C3(CN4CCOCC4)CCCC3)cc2)C1=O,6.17,EC50,545.6060000000006,4.561500000000004,2,5,6,86.80000000000001,39,0
ACT_018,CHEMBL5915366,CSc1ccc(-c2cncc(C3COB(O)C3)c2)cc1OC1CCCC1,8.86,IC50,369.2950000000002,4.386200000000003,1,5,5,51.58,26,0
ACT_019,CHEMBL3590215,CCCCOc1ccc(C(=O)NN2Cc3ccccc3NC2c2ccc(O)cc2)cc1,5.18,IC50,417.50900000000007,4.842400000000005,3,5,7,73.83,31,0
ACT_020,CHEMBL6060099,CC1(CCc2ccccc2)NC(=O)N(NC(=O)Nc2ccccc2F)C1=O,6.59,EC50,370.3840000000001,2.8055000000000003,3,3,5,90.53999999999999,27,0
ACT_021,CHEMBL5876324,C[S+]([O-])c1ccc(NC(=O)Nc2ccc3c(c2)C(=O)N(CCCNC(=O)OC(C)(C)C)C(c2ccc(C#N)cc2)C3)cc1,6.99,EC50,601.7290000000003,5.594080000000005,3,6,8,146.62,43,0
ACT_022,CHEMBL5960931,CC1(C)C2CCC1C(C(=O)Nc1ccc(I)cc1)C2C(N)=O,8.59,EC50,412.27100000000013,3.0134000000000007,2,2,3,72.19,22,0
ACT_023,CHEMBL5564062,CC/C=C\C[C@@H](O)/C=C/C=C\C[C@@H](O)/C=C/C=C/C=C\[C@@H](O)CCC(=O)O,8.92,EC50,376.49300000000017,3.4613000000000014,4,4,14,97.99,27,0
ACT_024,CHEMBL377163,CSc1ccc(NC(=O)Nc2c(C(C)C)n(C)n(C3=NCCS3)c2=O)cc1,5.29,EC50,405.54900000000015,3.6270000000000024,2,5,4,80.42,27,0
ACT_025,CHEMBL1707,CN(C)C(=O)C(CCN1CCC(O)(c2ccc(Cl)cc2)CC1)(c1ccccc1)c1ccccc1,5.94,EC50,477.0480000000002,5.088000000000005,1,3,7,43.78,34,0
ACT_026,CHEMBL3590070,COc1ccc(NC(=O)N[C@H](Cc2c[nH]c3ccccc23)C(=O)NCC2(c3ccccc3)CCCCC2)cc1,6.58,EC50,524.6650000000004,5.927600000000005,4,3,9,95.25,39,0
ACT_027,CHEMBL5288663,O=C(Nc1ccc(F)cc1)N[C@@H]1c2nnnn2C[C@H]1c1cc2c(cc1F)OCC2,8.6,EC50,398.3730000000002,2.5464,2,5,3,93.96,29,0
ACT_028,CHEMBL5089005,COc1ccc(NC(=O)c2ccc(-c3ccc(-c4noc(C)n4)cc3C)cc2)cc1OCCN(C)C,5.29,IC50,486.57200000000034,5.221740000000004,1,7,9,89.72,36,0
ACT_029,CHEMBL556485,COc1cccc(Cc2cc(C)nn(CC(=O)Nc3ccc4c(c3)OCO4)c2=O)c1,5.35,EC50,407.4260000000002,2.5185200000000005,1,6,6,91.68,30,0
ACT_030,CHEMBL5204580,COc1ccc([C@@H]2CNC(=O)[C@H]2Nc2nnc(-c3ccc(Cl)cc3)o2)cc1,6.8,EC50,384.8230000000001,3.0927000000000007,2,6,5,89.28,27,0
ACT_031,CHEMBL5813829,CC1C[C@@H](NC(=O)Nc2ccc(Cl)cc2F)C(=O)N1c1ccc(-c2cccnc2P(C)(C)=O)c(F)c1F,9.52,EC50,550.9050000000002,5.382800000000004,2,4,5,91.4,37,0
ACT_032,CHEMBL5560412,COC(=O)c1cccc(-n2c(=O)c(NC(=O)c3ccc(OC(F)F)cc3)c(-c3c(F)cc(OC)cc3F)n2C)c1,8.7,EC50,559.4720000000001,4.770100000000004,1,6,8,100.79000000000002,40,0
ACT_033,CHEMBL5270974,CCc1ccc(C[C@H](NC(=O)Nc2ccc(Cl)cc2)c2noc(N(C)CCO)n2)cc1,9.2,EC50,443.93500000000023,3.8194000000000017,3,6,9,103.52,31,0
ACT_034,CHEMBL5557151,O=C(NCc1ccc(Br)cc1F)[C@@H]1C2CCC([C@H]1C(=O)NC1CCNCC1F)C21CC1,8.7,EC50,496.3960000000003,3.0730000000000013,3,3,5,70.23,31,0
ACT_035,CHEMBL3590213,CCOc1ccc2[nH]c(SCC(=O)Nc3ccccc3SC)nc2c1,5.1,EC50,373.50300000000004,4.4143000000000026,2,5,7,67.01,25,0
ACT_036,CHEMBL5899563,O=C(Nc1ccc(Cl)cc1)N[C@H]1CNCC[C@@H]1c1ccccc1,6.3,EC50,329.831,3.6072000000000024,3,2,3,53.160000000000004,23,0
ACT_037,CHEMBL5763552,C[C@H](Nc1cc(C(N)=O)nc(N2CCC(C3Cc4ccccc4C3)CC2)n1)C(N)=O,5.75,IC50,408.5060000000002,1.4926000000000004,3,6,6,127.22999999999999,30,0
ACT_038,CHEMBL5803882,CC(C)[C@H](NC(=O)Nc1ccc(C(F)(F)F)cc1)c1ncc[nH]1,8.4,EC50,326.322,3.947300000000001,3,2,4,69.81,23,0
ACT_039,CHEMBL5613021,COc1cccc(C(=O)N[C@@H]2CCCN(c3ccc(-c4ccccc4S(C)(=O)=O)cc3F)C2=O)c1,6.51,EC50,496.5600000000002,3.830200000000003,1,5,6,92.78,35,0
ACT_040,CHEMBL5770353,CCC[C@H](NC(=O)Nc1ccc(Br)cc1F)C(=O)NCC(N)=O,8.28,EC50,389.22500000000014,1.4799,4,3,7,113.32,23,0
ACT_041,CHEMBL5087410,CC(C)(C)OC(=O)N1CCC[C@H](N2CCC(NC(=O)Nc3ccc(Br)cc3)C2=O)C1,7.22,EC50,481.39100000000013,3.5710000000000024,2,4,3,90.97999999999999,30,0
ACT_042,CHEMBL3973051,CCOC(=O)C1(Cc2ccc(Br)cc2)CCN(S(=O)(=O)c2c(C)nn(C)c2C)CC1,6.19,IC50,498.4430000000004,3.376140000000002,0,5,6,81.5,30,0
ACT_043,CHEMBL5185462,N#Cc1ccc(C[C@H](NC(=O)Nc2ccc(F)cc2)C(=O)N2CCc3cccnc32)cc1,6.85,IC50,429.4550000000002,3.414480000000002,2,4,5,98.12,32,0
ACT_044,CHEMBL5563146,CC(=O)CCCCc1nc(NC(=O)OCc2ccccc2C)co1,9.52,EC50,330.38400000000007,4.033520000000003,1,5,8,81.43,24,0
ACT_045,CHEMBL3732583,CN(C[C@H]1[C@H](C(=O)Nc2ccc(Br)cc2)[C@@H]2C=C[C@H]1C21CC1)C(=O)Cc1ccccc1Cl,6.53,EC50,513.8630000000003,5.570500000000005,1,2,6,49.410000000000004,32,0
ACT_046,CHEMBL5274258,Cc1cccc(-c2oc(C)nc2C(=O)Cc2cnn(Cc3nc(C(C)(F)F)co3)n2)c1,8.62,EC50,427.4110000000001,4.123340000000003,0,7,7,99.84,31,0
ACT_047,CHEMBL5819395,CCC1(CC)NC(=O)N(CC(=O)Nc2ccc(Cl)cc2)C1=O,6.5,EC50,323.78000000000003,2.389100000000001,2,3,5,78.51,22,0
ACT_048,CHEMBL5759588,CCOc1cc(-c2nc(C3COB(O)C3)cs2)c(F)cc1OC,8.75,IC50,337.1810000000001,2.950800000000001,1,6,5,60.81,23,0
ACT_049,CHEMBL5566538,CC1(C)CC(C(=O)Nc2ccc(Br)cc2)=C(C(=O)O)c2ccccc21,7.06,EC50,400.27200000000016,4.607300000000003,2,2,3,66.4,25,0
ACT_050,CHEMBL1290250,CCC(Nc1ccc(OC)cc1)C(=O)N/N=C(C)/C=C/c1ccccc1,5.58,EC50,351.45000000000005,4.091200000000003,2,4,8,62.72,26,0
ACT_051,CHEMBL3731785,CC(=O)c1csc(CNC(=O)[C@H]2[C@H](C(=O)NCC3CCNCC3)[C@H]3C=C[C@@H]2C32CC2)n1,6.42,EC50,442.58500000000026,1.9060999999999997,3,6,7,100.19,31,0
ACT_052,CHEMBL3727702,CC(C)(CO)NC(=O)[C@H]1[C@H](C(=O)Nc2ncc(Br)s2)[C@@H]2CC[C@H]1C21CC1,6.48,EC50,442.3790000000002,2.7836000000000007,3,5,5,91.32000000000001,26,0
ACT_053,CHEMBL5567096,COc1cc(F)c([C@@H]2CN(c3c(OC)ccn(C)c3=O)C(=O)[C@H]2NC(=O)NC2CCc3cc(Cl)ccc3C2)c(F)c1,9.22,EC50,587.0230000000001,3.6898000000000017,2,5,6,101.9,41,0
ACT_054,CHEMBL5986413,CCCOc1cc(-c2cc(C3CB(O)OC3C)cnn2)ccc1OC,7.81,IC50,342.20400000000006,2.923800000000001,1,6,6,73.7,25,0
ACT_055,CHEMBL5568231,COc1cc2c(cc1OC)CN(C(=O)C(CCCCNC(=O)Nc1ccccc1)NC(=O)Nc1ccc(SC)cc1)CC2,7.5,EC50,605.761,5.492700000000005,4,6,12,121.03,43,0
ACT_056,CHEMBL4779714,Cc1nn(C)cc1NC(=O)C1(NC(=O)Nc2ccc(Br)cc2)CCCC1,7.05,EC50,420.3110000000002,3.564020000000002,3,3,4,88.05000000000001,26,0
ACT_057,CHEMBL5811327,CCOP(=O)(CCNC(=O)CC1(C(C)C)NC(=O)N(NC(=O)Nc2ccc(Br)cc2)C1=O)OCC,7.96,EC50,576.3850000000001,3.204600000000002,4,7,12,155.17,35,0
ACT_058,CHEMBL1289379,COc1ccc(CCNC(=O)Nc2ccc(F)cc2)cc1,6.05,EC50,288.322,3.198500000000001,2,2,5,50.36,21,0
ACT_059,CHEMBL212113,CCc1c(NC(=O)Nc2ccc(C)c(F)c2)c(=O)n(-c2ccccc2)n1C,6.51,EC50,368.41200000000003,3.829920000000002,2,2,4,68.06,27,0
ACT_060,CHEMBL6001157,CS(=O)(=O)Nc1ccccc1-c1ccc(N2C[C@H](O)C[C@@H](NC(=O)Nc3ccc(C(F)(F)F)cc3)C2=O)cc1,9.12,EC50,562.5700000000002,4.031800000000002,4,5,6,127.84,39,0
ACT_061,CHEMBL5777462,COc1ccc([C@H]2CCN(C(C)=O)C[C@@H]2NC(=O)Nc2ccc(C(F)(F)F)nc2)cc1,6.3,EC50,436.434,3.635100000000002,2,4,4,83.56,31,0
ACT_062,CHEMBL5265888,Cc1cccc(C2(NC(=O)N[C@@H]3C(=O)NC[C@H]3c3c(F)cc(Br)cc3F)CC2)n1,8.0,EC50,465.2980000000002,3.0012200000000018,3,3,4,83.12,29,0
ACT_063,CHEMBL4759517,O=C(Nc1ccc(Br)cc1)NC(C(=O)NCC1CCCO1)C1CCCC1,6.27,EC50,424.33900000000034,3.4246000000000016,3,3,6,79.46000000000001,26,0
ACT_064,CHEMBL3920546,NC(=O)c1cc(O[C@H]2CCNC2=O)nc(C2=CCC(Oc3ccc(C(F)(F)F)cc3)CC2)n1,6.66,IC50,462.4280000000001,2.876500000000001,2,6,6,116.43000000000002,33,0
ACT_065,CHEMBL6064579,O=C(Nc1ccc(Cl)c(Cl)c1)NC(Cc1ccccc1)C(=O)O,5.0,EC50,353.20500000000004,3.810800000000002,3,2,5,78.43,23,0
ACT_066,CHEMBL5853502,Nc1nc(N)c(NC(=O)Nc2ccc(C(=O)N[C@H](C(=O)O)C3CCCCC3)nc2)c(=O)[nH]1,7.77,IC50,444.45200000000034,0.7365999999999981,7,8,6,218.20999999999995,32,0
ACT_067,CHEMBL3975184,Cc1ccc(OC2CCN(S(=O)(=O)c3c(C(F)(F)F)nn(C)c3C)CC2)cc1,5.77,IC50,417.45300000000015,3.287840000000002,0,4,4,64.43,28,0
ACT_068,CHEMBL6044207,CC(C)C[C@H](NC(=O)Nc1ccc(Br)cc1)C(=O)N(C)CC(=O)OC(C)(C)C,7.92,EC50,456.3810000000003,3.7854000000000028,2,4,7,87.74000000000001,28,0
ACT_069,CHEMBL5169641,COc1cc(F)c([C@@H]2CNC(=O)[C@H]2c2nc3cc(Cl)ccc3[nH]2)c(F)c1,6.96,EC50,377.7780000000001,3.500300000000001,2,3,3,67.00999999999999,26,0
ACT_070,CHEMBL4454594,CCCCC(C(=O)Nc1ccc(Cl)cc1)n1nc(C)cc(Cc2ccccc2OC)c1=O,7.29,EC50,453.9700000000003,5.174520000000004,1,4,9,73.22,32,0
ACT_071,CHEMBL5285738,O=C(Cn1c(=O)[nH]cc(-c2ccccc2)c1=O)Nc1ccc(Br)cc1,5.05,EC50,400.2320000000001,2.604800000000001,2,3,4,83.96000000000001,25,0
ACT_072,CHEMBL5967187,CCC[C@H](NC(=O)Nc1ccc(Br)cc1)c1nccn1CC(=O)OCC,5.96,EC50,423.3110000000002,3.8716000000000017,2,4,8,85.25000000000001,26,0
ACT_073,CHEMBL3912013,NC(=O)c1cc(N[C@H]2CCNC2=O)nc(-c2ccc(Oc3ccc(Cl)cc3F)cc2)n1,6.92,IC50,441.8500000000001,3.127700000000001,3,6,6,119.23,31,0
ACT_074,CHEMBL3729765,Cc1ccc(NC(=O)[C@H]2[C@H](C(=O)NCCC(N)=O)[C@H]3C=C[C@@H]2C32CC2)nc1,6.48,EC50,368.4370000000001,1.1485199999999998,3,4,6,114.17999999999999,27,0
ACT_075,CHEMBL3671841,Cc1cccc(C(=O)NC23CCCC(C(=O)Nc4ccnc(C)n4)(CC2)C3)n1,7.42,IC50,379.46400000000017,2.9499400000000016,2,5,4,96.87,28,0
ACT_076,CHEMBL6028798,CN(C)C1CCN(c2ccc(N3CCC[C@@H](NC(=O)Nc4ccc(Cl)cc4)C3=O)cc2F)C1,9.41,EC50,473.9800000000002,3.9365000000000023,2,4,5,67.92,33,0
ACT_077,CHEMBL3954057,C[C@H](Nc1cc(C(N)=O)nc(Oc2ccc(C(F)(F)F)cc2-c2ccnnc2)n1)C(N)=O,5.85,IC50,447.3770000000001,2.1292999999999997,3,8,7,159.0,32,0
ACT_078,CHEMBL3940174,NC(=O)c1cc(N2CCC[C@H]2C(N)=O)nc(-c2ccc(Oc3ccc4c(c3)OCO4)cc2)n1,6.27,IC50,447.4510000000002,2.2176,2,8,6,142.89000000000004,33,0
ACT_079,CHEMBL5845036,COCCN1CC(NC(=O)Nc2ccc(Cl)cc2)C(c2ccc(F)cc2F)CC1=O,6.3,EC50,437.8740000000002,3.770800000000002,2,3,6,70.67,30,0
ACT_080,CHEMBL6025237,CP(C)(=O)c1ccccc1-c1ccc(N2CC[C@@H](NC(=O)Nc3cnc(Cl)cn3)C2=O)c(C2CC2)c1,7.51,EC50,523.9610000000002,4.849400000000004,2,5,6,104.29000000000002,36,0
ACT_081,CHEMBL5949823,COc1c(-c2ccccc2CO)ccc(N2CC[C@@H](NC(=O)Nc3ccc(C(F)(F)F)cc3F)C2=O)c1F,8.07,EC50,535.4690000000002,5.078500000000004,3,4,6,90.9,38,0
ACT_082,CHEMBL5965860,Cc1ccc(NC(=O)NN2C(=O)NC3(CCC(C)CC3)C2=O)cc1,6.44,EC50,330.3880000000001,2.5322200000000006,3,3,2,90.53999999999999,24,0
ACT_083,CHEMBL3943872,CC1(C)OCC(CN(c2cc(C(N)=O)nc(-c3ccc(Oc4ccc(F)cc4)cc3)n2)S(C)(=O)=O)O1,7.06,IC50,516.5510000000002,3.091400000000001,1,8,8,133.94,36,0
ACT_084,CHEMBL267179,CSCC[C@H](NC=O)C(=O)N[C@@H](CC(C)C)C(=O)N[C@@H](Cc1ccccc1)C(=O)O,5.17,EC50,437.5620000000002,1.1971000000000018,4,5,14,124.60000000000001,30,0
ACT_085,CHEMBL3731739,O=C(NCCCn1ccnc1)[C@H]1[C@H](C(=O)Nc2ccc(Br)cc2)[C@@H]2CC[C@H]1C21CC1,8.39,EC50,471.3990000000002,3.8430000000000017,2,3,7,76.02,30,0
ACT_086,CHEMBL4751168,COc1ccc([C@@H]2CNC(=O)[C@H]2NC(=O)Nc2ccc(F)cc2)cc1F,9.05,EC50,361.34800000000007,2.3771000000000004,3,3,4,79.46000000000001,26,0
ACT_087,CHEMBL5763874,CSc1ccc(NC(=O)Nc2ccc3c(c2)C(=O)N(CCc2c[nH]cn2)C(c2ccc(Cl)o2)C3)cc1,7.77,EC50,522.0300000000003,6.004300000000003,3,5,7,103.26,36,0
ACT_088,CHEMBL5793441,Cc1ccc(NC(=O)N[C@@H]2CCCN(c3ccc(-c4ccccc4C(N)=O)cc3)C2=O)c(C)c1,6.28,EC50,456.5460000000002,4.386440000000003,3,3,5,104.53,34,0
ACT_089,CHEMBL3732601,NCc1cccc(CNC(=O)[C@H]2[C@H](C(=O)NCc3ccc(Br)cc3)[C@@H]3C=C[C@H]2C32CC2)c1,7.23,EC50,494.43300000000016,3.6688000000000027,3,3,7,84.22,32,0
ACT_090,CHEMBL3968187,Cc1cnn(C)c1S(=O)(=O)N1CCC(Oc2ccc(Cl)cc2Cl)CC1,5.96,IC50,404.3190000000002,3.2674200000000013,0,4,4,64.43,25,0
ACT_091,CHEMBL6040365,COc1ccc(-c2cccc(C3COB(O)C3)n2)c(C#N)c1OC1CCCC1,8.06,IC50,378.2370000000002,3.5445800000000016,1,6,5,84.60000000000001,28,0
ACT_092,CHEMBL5774395,CCOP(=O)(CNC(=O)[C@H](CC(C)C)NC(=O)Nc1ccc(SC)cc1)OCC,8.46,EC50,445.52200000000016,4.284500000000003,3,6,12,105.76,29,0
ACT_093,CHEMBL3968977,C[C@H](Nc1cc(-c2ccc(Oc3ccc(F)cc3)cc2)nc(C(N)=O)n1)C(N)=O,5.68,IC50,395.3940000000001,2.4596,3,6,7,133.22,29,0
ACT_094,CHEMBL2391447,COc1ccc(Nc2c(C(C)=O)c(C)nn(CC(=O)Nc3ccc(Br)cc3)c2=O)cc1,5.77,EC50,485.3380000000001,3.907720000000002,2,6,7,102.32,31,0
ACT_095,CHEMBL5824465,CC[C@H](C)[C@H](NC(=O)Nc1ccc(Br)cc1)C(=O)NCC(=O)O,5.7,EC50,386.24600000000015,2.1860999999999997,4,3,7,107.53000000000002,23,0
ACT_096,CHEMBL3590206,CCOC(=O)C1CCCN(C(=O)[C@H](Cc2ccccc2)NC(=O)Nc2ccc(Br)cc2)C1,8.15,EC50,502.4090000000001,3.983600000000002,2,4,7,87.74000000000001,32,0
ACT_097,CHEMBL5542471,COc1ccc(-n2c(-c3ccccc3)cnc2NC(=O)c2ccc(OC(F)F)cc2)cc1,8.52,EC50,435.4300000000001,5.401600000000003,1,4,7,65.38,32,0
ACT_098,CHEMBL3986936,Cc1nn(C)c(C)c1S(=O)(=O)N1CCC(Nc2ccc(Cl)c(Cl)c2)CC1,5.57,IC50,417.3620000000002,3.6089400000000023,1,4,4,67.23,26,0
ACT_099,CHEMBL6064947,COc1cnc(-c2cccc(C3COB(O)C3)c2)nc1OC,8.51,IC50,300.12300000000005,1.7550999999999997,1,6,4,73.7,22,0
ACT_100,CHEMBL4434857,CCCCC[C@H](O)c1nc(-c2ccccc2)oc1/C=C/[C@@H](O)[C@@H](O)CCCC(=O)OC(C)C,8.6,IC50,459.58300000000025,4.812200000000004,3,7,14,113.02000000000002,33,0
